Date,Open,High,Low,Close,Volume,Currency
2017-12-31,0.59,0.74,0.59,0.71,17222920,USD
2018-01-01,0.71,0.715,0.632,0.7022,17949808,USD
2018-01-02,0.7022,0.8,0.675,0.762,10972870,USD
2018-01-03,0.9782,1.09,0.8882,1.08,20233754,USD
2018-01-04,1.1,1.35,1.05,1.1043,19595608,USD
2018-01-05,1.18,1.3,0.907,0.9949,18533008,USD
2018-01-06,1.0099,1.083,0.9229,1.0358,9123763,USD
2018-01-07,1.02,1.0534,0.98,1.006,4807180,USD
2018-01-08,1.013,1.013,0.752,0.9,10970140,USD
2018-01-09,0.9,0.929,0.7729,0.81,7888144,USD
2018-01-10,0.81,0.829,0.6559,0.7765,12113778,USD
2018-01-11,0.7829,0.7829,0.523,0.678,17301500,USD
2018-01-12,0.679,0.9221,0.631,0.89,13167480,USD
2018-01-13,0.8983,0.9578,0.8329,0.879,9330296,USD
2018-01-14,0.879,0.879,0.729,0.8,9249157,USD
2018-01-15,0.8,0.8666,0.7673,0.771,6271905,USD
2018-01-16,0.7724,0.7862,0.45,0.6012,31973780,USD
2018-01-17,0.6,0.6837,0.4353,0.6242,36727784,USD
2018-01-18,0.626,0.6986,0.582,0.65,17858764,USD
2018-01-19,0.65,0.6914,0.59,0.6458,14522812,USD
2018-01-20,0.6479,0.72,0.64,0.7049,7218370,USD
2018-01-21,0.7049,0.7049,0.58,0.6165,10411232,USD
2018-01-22,0.6165,0.64,0.515,0.5675,10797255,USD
2018-01-23,0.5678,0.5897,0.5166,0.5598,8765856,USD
2018-01-24,0.5619,0.649,0.537,0.629,8788693,USD
2018-01-25,0.628,0.684,0.62,0.642,7760986,USD
2018-01-26,0.642,0.655,0.5611,0.6268,18147452,USD
2018-01-27,0.6268,0.642,0.595,0.6213,5537878,USD
2018-01-28,0.6213,0.6673,0.6131,0.6423,6474601,USD
2018-01-29,0.6423,0.6465,0.588,0.602,5837976,USD
2018-01-30,0.591,0.603,0.5,0.51,11150027,USD
2018-01-31,0.5136,0.517,0.463,0.5072,8362470,USD
2018-02-01,0.509,0.5217,0.389,0.4217,13424710,USD
2018-02-02,0.4217,0.4217,0.2958,0.4,41523512,USD
2018-02-03,0.4047,0.5185,0.3453,0.464,21044390,USD
2018-02-04,0.458,0.485,0.364,0.382,50157448,USD
2018-02-05,0.382,0.3962,0.2915,0.317,37064856,USD
2018-02-06,0.317,0.3692,0.262,0.359,53751428,USD
2018-02-07,0.359,0.38,0.32,0.331,30359706,USD
2018-02-08,0.331,0.361,0.3235,0.345,20616272,USD
2018-02-09,0.345,0.3849,0.32,0.3765,16904982,USD
2018-02-10,0.379,0.4384,0.358,0.381,47737048,USD
2018-02-11,0.3836,0.3838,0.3473,0.3561,16190025,USD
2018-02-12,0.3561,0.39,0.356,0.3787,9076646,USD
2018-02-13,0.3789,0.3811,0.3515,0.3649,6708069,USD
2018-02-14,0.3649,0.3975,0.3593,0.3955,14747079,USD
2018-02-15,0.3948,0.4057,0.3727,0.3919,11269857,USD
2018-02-16,0.3919,0.3989,0.3741,0.396,8135627,USD
2018-02-17,0.396,0.4206,0.3913,0.4172,12431849,USD
2018-02-18,0.4172,0.4172,0.3662,0.3684,14845543,USD
2018-02-19,0.3679,0.3909,0.3676,0.3791,12315971,USD
2018-02-20,0.3791,0.3895,0.3472,0.3492,17318332,USD
2018-02-21,0.3483,0.3559,0.3265,0.3344,16717775,USD
2018-02-22,0.3344,0.3533,0.3072,0.3137,13539022,USD
2018-02-23,0.3137,0.3361,0.3054,0.326,12200248,USD
2018-02-24,0.326,0.3328,0.2925,0.2991,11077823,USD
2018-02-25,0.2991,0.3365,0.2969,0.3235,12938855,USD
2018-02-26,0.3235,0.3318,0.3046,0.3244,12402537,USD
2018-02-27,0.3244,0.3358,0.3193,0.3302,8126635,USD
2018-02-28,0.3302,0.3351,0.3056,0.3066,9778487,USD
2018-03-01,0.3056,0.3122,0.2869,0.3024,18548340,USD
2018-03-02,0.3024,0.3079,0.2871,0.2925,12394675,USD
2018-03-03,0.2925,0.3074,0.2895,0.2935,9000469,USD
2018-03-04,0.2935,0.3044,0.2848,0.302,9425926,USD
2018-03-05,0.302,0.3196,0.2934,0.2966,12315998,USD
2018-03-06,0.2966,0.301,0.2781,0.279,14700392,USD
2018-03-07,0.279,0.285,0.2279,0.2408,20138316,USD
2018-03-08,0.2408,0.2492,0.2132,0.2143,19034956,USD
2018-03-09,0.2143,0.2217,0.1842,0.2162,25230322,USD
2018-03-10,0.2162,0.2222,0.1966,0.2008,20046704,USD
2018-03-11,0.2008,0.2231,0.1903,0.2192,16625969,USD
2018-03-12,0.2192,0.2325,0.2093,0.2181,22046594,USD
2018-03-13,0.2181,0.2252,0.2104,0.2176,9084824,USD
2018-03-14,0.2178,0.2297,0.1882,0.1936,20511780,USD
2018-03-15,0.1936,0.1974,0.168,0.1841,31263210,USD
2018-03-16,0.1841,0.1842,0.1715,0.1745,25255952,USD
2018-03-17,0.1745,0.1779,0.1507,0.1549,18983254,USD
2018-03-18,0.1549,0.163,0.1237,0.1545,82441768,USD
2018-03-19,0.1538,0.1904,0.1535,0.1904,84405392,USD
2018-03-20,0.1907,0.2111,0.1752,0.1994,47964792,USD
2018-03-21,0.1994,0.2252,0.1976,0.2076,45635676,USD
2018-03-22,0.2078,0.2185,0.1858,0.199,56692708,USD
2018-03-23,0.1995,0.1995,0.18,0.1886,31120066,USD
2018-03-24,0.1886,0.2019,0.1821,0.1869,44429176,USD
2018-03-25,0.1869,0.1889,0.1807,0.1834,14654622,USD
2018-03-26,0.1834,0.1857,0.1571,0.1657,36918456,USD
2018-03-27,0.1657,0.1678,0.1487,0.1532,27843092,USD
2018-03-28,0.1531,0.1643,0.1531,0.1599,18365464,USD
2018-03-29,0.1599,0.1631,0.1414,0.1436,40679992,USD
2018-03-30,0.1436,0.1507,0.1334,0.1449,33084608,USD
2018-03-31,0.1449,0.1582,0.1409,0.1506,21763912,USD
2018-04-01,0.1506,0.1568,0.1386,0.1483,22529450,USD
2018-04-02,0.1483,0.1561,0.1464,0.1531,15482282,USD
2018-04-03,0.1531,0.1714,0.1526,0.1702,44258588,USD
2018-04-04,0.1705,0.1765,0.1489,0.152,65139800,USD
2018-04-05,0.152,0.1543,0.1411,0.1484,30180784,USD
2018-04-06,0.1484,0.1508,0.1413,0.1426,23125242,USD
2018-04-07,0.1426,0.1516,0.1426,0.1467,37453296,USD
2018-04-08,0.1467,0.1594,0.1467,0.1569,15806427,USD
2018-04-09,0.1569,0.166,0.1456,0.1507,56752892,USD
2018-04-10,0.1507,0.1587,0.1476,0.1566,14690287,USD
2018-04-11,0.1566,0.169,0.155,0.1685,41578704,USD
2018-04-12,0.1685,0.222,0.1676,0.2194,113400520,USD
2018-04-13,0.2194,0.226,0.1957,0.2031,83996784,USD
2018-04-14,0.2031,0.215,0.1966,0.2074,35882652,USD
2018-04-15,0.2074,0.2305,0.2073,0.2278,40132400,USD
2018-04-16,0.2278,0.2635,0.2127,0.2624,103480496,USD
2018-04-17,0.2624,0.2741,0.2438,0.2438,100355072,USD
2018-04-18,0.2436,0.2639,0.2436,0.2632,24186658,USD
2018-04-19,0.2632,0.2749,0.2612,0.2713,38452808,USD
2018-04-20,0.2714,0.3087,0.2498,0.3052,57066900,USD
2018-04-21,0.3052,0.3094,0.2683,0.2859,51221588,USD
2018-04-22,0.2859,0.3004,0.2791,0.2857,30909440,USD
2018-04-23,0.2857,0.2945,0.2855,0.2926,17352662,USD
2018-04-24,0.2944,0.3248,0.2908,0.3161,49392496,USD
2018-04-25,0.3144,0.3175,0.26,0.2699,189979872,USD
2018-04-26,0.2699,0.2953,0.2583,0.2952,101914344,USD
2018-04-27,0.2952,0.3066,0.2849,0.2859,106054560,USD
2018-04-28,0.2859,0.3674,0.2838,0.3592,254482992,USD
2018-04-29,0.3596,0.3903,0.3447,0.3662,248828752,USD
2018-04-30,0.3669,0.3677,0.3341,0.3432,147254592,USD
2018-05-01,0.3432,0.3615,0.3211,0.3577,168659424,USD
2018-05-02,0.3577,0.3803,0.3478,0.376,104207120,USD
2018-05-03,0.376,0.3935,0.369,0.3702,123327112,USD
2018-05-04,0.3707,0.3713,0.35,0.3615,87410040,USD
2018-05-05,0.3615,0.3788,0.361,0.3686,70721848,USD
2018-05-06,0.3686,0.3705,0.3385,0.3502,100026024,USD
2018-05-07,0.35,0.3507,0.3195,0.3399,88711520,USD
2018-05-08,0.3401,0.341,0.3199,0.3251,66117488,USD
2018-05-09,0.3256,0.3271,0.3022,0.3208,90542480,USD
2018-05-10,0.3219,0.325,0.295,0.2959,66051544,USD
2018-05-11,0.2959,0.2969,0.2488,0.2564,214872256,USD
2018-05-12,0.2564,0.2787,0.2342,0.2658,193235968,USD
2018-05-13,0.266,0.2835,0.2575,0.2774,104587656,USD
2018-05-14,0.2774,0.2783,0.2531,0.2667,123396152,USD
2018-05-15,0.2667,0.2754,0.2536,0.2559,61056156,USD
2018-05-16,0.2557,0.2574,0.2398,0.253,71623728,USD
2018-05-17,0.253,0.261,0.2389,0.241,60995664,USD
2018-05-18,0.241,0.2457,0.2323,0.2443,57248552,USD
2018-05-19,0.2443,0.2486,0.2373,0.2434,42062116,USD
2018-05-20,0.2434,0.2614,0.2403,0.2565,61865432,USD
2018-05-21,0.2565,0.2607,0.2458,0.2474,55330012,USD
2018-05-22,0.2474,0.2486,0.2203,0.2216,66400512,USD
2018-05-23,0.2216,0.2242,0.1934,0.1989,149149872,USD
2018-05-24,0.1989,0.2112,0.1902,0.2079,112111592,USD
2018-05-25,0.2081,0.2093,0.195,0.1989,92641872,USD
2018-05-26,0.1989,0.2047,0.1948,0.1958,92169928,USD
2018-05-27,0.1958,0.196,0.1911,0.1931,86323168,USD
2018-05-28,0.193,0.1948,0.1723,0.1732,122556968,USD
2018-05-29,0.1732,0.2085,0.1717,0.2019,187913328,USD
2018-05-30,0.2019,0.2166,0.1981,0.2088,201903680,USD
2018-05-31,0.2088,0.2289,0.2041,0.224,201739008,USD
2018-06-01,0.224,0.2282,0.2148,0.2211,139366384,USD
2018-06-02,0.2209,0.2293,0.2174,0.2275,129862304,USD
2018-06-03,0.2275,0.2375,0.2235,0.2271,138624800,USD
2018-06-04,0.227,0.2312,0.2097,0.2128,140211264,USD
2018-06-05,0.2128,0.2215,0.2028,0.219,152503744,USD
2018-06-06,0.219,0.22,0.2089,0.2149,113948880,USD
2018-06-07,0.2149,0.2191,0.2088,0.211,104694712,USD
2018-06-08,0.2105,0.211,0.201,0.205,102347720,USD
2018-06-09,0.2048,0.2104,0.2007,0.2009,84385072,USD
2018-06-10,0.201,0.201,0.169,0.174,180515152,USD
2018-06-11,0.174,0.1809,0.1649,0.1795,114055600,USD
2018-06-12,0.1796,0.1812,0.1587,0.1635,116565520,USD
2018-06-13,0.1635,0.1659,0.1459,0.1581,151718400,USD
2018-06-14,0.158,0.1754,0.1534,0.1707,239779488,USD
2018-06-15,0.1707,0.171,0.1603,0.1612,128406304,USD
2018-06-16,0.1612,0.1644,0.1584,0.1624,88356872,USD
2018-06-17,0.1626,0.1641,0.16,0.1603,88703024,USD
2018-06-18,0.1603,0.1682,0.1557,0.1639,120628448,USD
2018-06-19,0.1639,0.1712,0.1615,0.167,108466720,USD
2018-06-20,0.167,0.1672,0.1575,0.162,119581416,USD
2018-06-21,0.1618,0.1636,0.157,0.1582,90632744,USD
2018-06-22,0.1582,0.1587,0.1348,0.1384,161454640,USD
2018-06-23,0.1384,0.1421,0.1337,0.1374,100447192,USD
2018-06-24,0.1374,0.1382,0.12,0.131,172181200,USD
2018-06-25,0.131,0.1389,0.1271,0.1353,130049616,USD
2018-06-26,0.1353,0.1358,0.1252,0.1256,73763360,USD
2018-06-27,0.1255,0.1282,0.123,0.1276,103442640,USD
2018-06-28,0.1276,0.1285,0.1176,0.1184,109014480,USD
2018-06-29,0.1184,0.127,0.1139,0.1254,146975248,USD
2018-06-30,0.1254,0.1381,0.1254,0.1379,196009232,USD
2018-07-01,0.1381,0.1457,0.1332,0.1421,171941808,USD
2018-07-02,0.1421,0.1599,0.1377,0.1544,225304624,USD
2018-07-03,0.1544,0.1607,0.1484,0.1498,214386128,USD
2018-07-04,0.1498,0.1601,0.1462,0.1514,124629672,USD
2018-07-05,0.1514,0.1556,0.1436,0.1475,147159888,USD
2018-07-06,0.1475,0.1477,0.1383,0.1451,114938656,USD
2018-07-07,0.1451,0.1484,0.1372,0.1478,101472352,USD
2018-07-08,0.1478,0.1494,0.1442,0.145,104181240,USD
2018-07-09,0.145,0.1458,0.1389,0.1393,85238088,USD
2018-07-10,0.1393,0.1399,0.1273,0.128,138891184,USD
2018-07-11,0.128,0.1336,0.125,0.1314,115258648,USD
2018-07-12,0.1314,0.1314,0.1222,0.1273,94960552,USD
2018-07-13,0.1274,0.1434,0.1248,0.1375,180435296,USD
2018-07-14,0.1375,0.1406,0.1332,0.1365,137984992,USD
2018-07-15,0.1365,0.1459,0.1347,0.1423,123832816,USD
2018-07-16,0.1423,0.1583,0.1408,0.1566,187623040,USD
2018-07-17,0.1567,0.1762,0.1501,0.1715,262496720,USD
2018-07-18,0.1715,0.1958,0.1712,0.1804,492340448,USD
2018-07-19,0.1804,0.192,0.1723,0.1818,318232736,USD
2018-07-20,0.1818,0.1832,0.1599,0.1615,295443008,USD
2018-07-21,0.1615,0.1695,0.1542,0.1636,204019488,USD
2018-07-22,0.1636,0.1787,0.162,0.1694,213089504,USD
2018-07-23,0.1694,0.1803,0.1645,0.1645,218125632,USD
2018-07-24,0.1645,0.1783,0.1604,0.1738,276602688,USD
2018-07-25,0.1738,0.1774,0.1667,0.1727,199180768,USD
2018-07-26,0.1727,0.1754,0.1618,0.1644,165752544,USD
2018-07-27,0.1644,0.1692,0.156,0.1661,184981904,USD
2018-07-28,0.1661,0.1666,0.1593,0.1643,100080664,USD
2018-07-29,0.1643,0.1653,0.1596,0.1625,96650448,USD
2018-07-30,0.1625,0.1629,0.1478,0.1534,135764112,USD
2018-07-31,0.1534,0.1536,0.1391,0.1416,161216960,USD
2018-08-01,0.1415,0.1442,0.1354,0.1399,144140848,USD
2018-08-02,0.1399,0.1414,0.1286,0.1309,148346032,USD
2018-08-03,0.1308,0.1344,0.1233,0.1296,161887744,USD
2018-08-04,0.1296,0.1337,0.1237,0.1264,115202288,USD
2018-08-05,0.1264,0.1312,0.1245,0.1306,106718080,USD
2018-08-06,0.1306,0.1358,0.1268,0.1295,114575104,USD
2018-08-07,0.1295,0.1322,0.1228,0.1238,132056552,USD
2018-08-08,0.1238,0.1238,0.1092,0.1128,191095472,USD
2018-08-09,0.1128,0.1262,0.1128,0.1219,196664176,USD
2018-08-10,0.1219,0.1236,0.1116,0.1146,176635312,USD
2018-08-11,0.1146,0.116,0.1074,0.1103,149603552,USD
2018-08-12,0.1103,0.1142,0.109,0.1119,90995832,USD
2018-08-13,0.1119,0.114,0.1011,0.1011,130020992,USD
2018-08-14,0.1011,0.1012,0.0843,0.0938,208862432,USD
2018-08-15,0.0938,0.101,0.0934,0.0936,211558480,USD
2018-08-16,0.0936,0.0982,0.0917,0.0945,137321824,USD
2018-08-17,0.0945,0.1099,0.094,0.1099,254734880,USD
2018-08-18,0.1099,0.1123,0.0954,0.0983,237961072,USD
2018-08-19,0.0983,0.1035,0.0966,0.1014,132473760,USD
2018-08-20,0.1014,0.103,0.0918,0.092,148711856,USD
2018-08-21,0.092,0.0953,0.0908,0.0947,143772240,USD
2018-08-22,0.0947,0.1008,0.087,0.0895,216216128,USD
2018-08-23,0.0895,0.0937,0.0884,0.0923,144517024,USD
2018-08-24,0.0923,0.0945,0.0906,0.0938,133649552,USD
2018-08-25,0.0938,0.0948,0.0918,0.094,131757576,USD
2018-08-26,0.0941,0.0946,0.0906,0.0931,114836400,USD
2018-08-27,0.0931,0.1014,0.0921,0.1004,184931264,USD
2018-08-28,0.1005,0.1073,0.0998,0.1055,252597088,USD
2018-08-29,0.1055,0.1091,0.1015,0.1054,249119296,USD
2018-08-30,0.1054,0.1075,0.0967,0.1007,215230976,USD
2018-08-31,0.1007,0.1033,0.0985,0.1018,166224144,USD
2018-09-01,0.1018,0.1101,0.1016,0.107,228867904,USD
2018-09-02,0.107,0.1074,0.1022,0.1048,184622080,USD
2018-09-03,0.1048,0.1055,0.1023,0.1036,123763136,USD
2018-09-04,0.1035,0.107,0.1034,0.1053,155055344,USD
2018-09-05,0.1053,0.1062,0.086,0.0865,287028352,USD
2018-09-06,0.0865,0.0887,0.081,0.0883,207380576,USD
2018-09-07,0.0884,0.0894,0.0817,0.0826,149743328,USD
2018-09-08,0.0829,0.0844,0.0766,0.0775,152178912,USD
2018-09-09,0.0774,0.081,0.0739,0.0759,185783072,USD
2018-09-10,0.0759,0.078,0.0715,0.0734,195539120,USD
2018-09-11,0.0735,0.0746,0.0658,0.0701,213592848,USD
2018-09-12,0.0701,0.0703,0.061,0.0662,365822464,USD
2018-09-13,0.0662,0.071,0.0651,0.0695,356208352,USD
2018-09-14,0.0695,0.0706,0.0654,0.0676,264455664,USD
2018-09-15,0.0676,0.0708,0.0673,0.0689,171312064,USD
2018-09-16,0.0689,0.0699,0.0659,0.0699,154853728,USD
2018-09-17,0.0699,0.0702,0.0627,0.0633,237619616,USD
2018-09-18,0.0633,0.0701,0.062,0.0692,271682688,USD
2018-09-19,0.069,0.0744,0.0666,0.0722,414016128,USD
2018-09-20,0.0721,0.0836,0.0711,0.081,389841856,USD
2018-09-21,0.0808,0.0902,0.0807,0.0877,633719488,USD
2018-09-22,0.0875,0.0889,0.0796,0.0834,264584384,USD
2018-09-23,0.0834,0.0938,0.0829,0.0897,479174560,USD
2018-09-24,0.0897,0.0919,0.0818,0.0825,359826752,USD
2018-09-25,0.0825,0.0825,0.0745,0.0811,370525664,USD
2018-09-26,0.0811,0.083,0.0765,0.0792,283298176,USD
2018-09-27,0.0792,0.0888,0.0778,0.0864,384405312,USD
2018-09-28,0.0864,0.0884,0.0815,0.0839,352503488,USD
2018-09-29,0.0839,0.0868,0.0813,0.0843,225829216,USD
2018-09-30,0.0843,0.0872,0.083,0.0851,207837456,USD
2018-10-01,0.0851,0.086,0.0821,0.0846,163788288,USD
2018-10-02,0.0846,0.085,0.0817,0.0822,145837040,USD
2018-10-03,0.0822,0.0825,0.0783,0.0809,158972912,USD
2018-10-04,0.0809,0.0831,0.0804,0.0815,130086824,USD
2018-10-05,0.0815,0.084,0.0805,0.0834,122609784,USD
2018-10-06,0.0834,0.0841,0.0808,0.0816,120081864,USD
2018-10-07,0.0816,0.0854,0.0805,0.0847,138545568,USD
2018-10-08,0.0846,0.0888,0.0835,0.087,200556752,USD
2018-10-09,0.087,0.0879,0.0848,0.0866,148506864,USD
2018-10-10,0.0866,0.0869,0.0837,0.0855,142963936,USD
2018-10-11,0.0855,0.0855,0.0693,0.0707,302271424,USD
2018-10-12,0.0707,0.0766,0.0696,0.0732,180021696,USD
2018-10-13,0.0732,0.0754,0.0726,0.0737,118014944,USD
2018-10-14,0.0737,0.0745,0.0711,0.0717,139149136,USD
2018-10-15,0.0717,0.0848,0.0701,0.0767,348042176,USD
2018-10-16,0.0767,0.0788,0.0757,0.0778,124697704,USD
2018-10-17,0.0778,0.0812,0.0771,0.08,141926736,USD
2018-10-18,0.0799,0.0806,0.0757,0.0767,135772128,USD
2018-10-19,0.0767,0.0779,0.0758,0.0769,83734120,USD
2018-10-20,0.0769,0.0788,0.0761,0.0776,101337920,USD
2018-10-21,0.0776,0.079,0.0769,0.0773,102737264,USD
2018-10-22,0.0773,0.0778,0.0762,0.0773,70686944,USD
2018-10-23,0.0773,0.0775,0.0737,0.0759,62254480,USD
2018-10-24,0.0759,0.077,0.0753,0.0754,44659380,USD
2018-10-25,0.0754,0.0756,0.0742,0.0749,36546876,USD
2018-10-26,0.0748,0.0754,0.0737,0.0747,34110192,USD
2018-10-27,0.0747,0.0748,0.0733,0.0735,29569212,USD
2018-10-28,0.0735,0.0738,0.0729,0.0736,28161986,USD
2018-10-29,0.0736,0.0738,0.069,0.0702,69121592,USD
2018-10-30,0.0702,0.0708,0.0697,0.0701,32350880,USD
2018-10-31,0.0701,0.0709,0.0679,0.0706,49182644,USD
2018-11-01,0.0706,0.0717,0.0697,0.0714,32988110,USD
2018-11-02,0.0714,0.0738,0.0709,0.0731,43448516,USD
2018-11-03,0.0731,0.0733,0.0709,0.0717,38731472,USD
2018-11-04,0.0717,0.0785,0.0712,0.0773,131249552,USD
2018-11-05,0.0773,0.0793,0.075,0.0768,74159136,USD
2018-11-06,0.0767,0.0818,0.0767,0.0817,119339712,USD
2018-11-07,0.0817,0.0825,0.0782,0.079,113910816,USD
2018-11-08,0.079,0.0799,0.0765,0.0769,105984200,USD
2018-11-09,0.0769,0.0782,0.074,0.0746,67225352,USD
2018-11-10,0.0746,0.0764,0.0742,0.0754,39001800,USD
2018-11-11,0.0754,0.0779,0.0746,0.077,56632252,USD
2018-11-12,0.077,0.0778,0.0755,0.0769,54078732,USD
2018-11-13,0.0769,0.0771,0.0744,0.0747,52548200,USD
2018-11-14,0.0747,0.0747,0.0626,0.0665,189264192,USD
2018-11-15,0.0665,0.0667,0.0583,0.0644,216356592,USD
2018-11-16,0.0644,0.0649,0.0603,0.0615,99788832,USD
2018-11-17,0.0615,0.0615,0.0596,0.0612,59041176,USD
2018-11-18,0.0612,0.0635,0.0612,0.0623,61771284,USD
2018-11-19,0.0623,0.0624,0.0515,0.0528,236306624,USD
2018-11-20,0.0528,0.0533,0.0428,0.0459,403781280,USD
2018-11-21,0.0459,0.0492,0.0435,0.0484,230261744,USD
2018-11-22,0.0484,0.0491,0.0439,0.044,112988552,USD
2018-11-23,0.044,0.0451,0.0418,0.044,156393808,USD
2018-11-24,0.044,0.0454,0.0371,0.039,194279264,USD
2018-11-25,0.039,0.0396,0.0332,0.0383,298349408,USD
2018-11-26,0.0383,0.0402,0.0346,0.0365,295670016,USD
2018-11-27,0.0365,0.0377,0.0342,0.0369,164598416,USD
2018-11-28,0.0369,0.0441,0.0369,0.0422,377931712,USD
2018-11-29,0.0422,0.0448,0.0397,0.042,264977360,USD
2018-11-30,0.042,0.0424,0.0377,0.0391,205088704,USD
2018-12-01,0.0391,0.0423,0.0381,0.0414,136816608,USD
2018-12-02,0.0414,0.0434,0.0407,0.0417,154384560,USD
2018-12-03,0.0419,0.0421,0.0379,0.0385,160110368,USD
2018-12-04,0.0385,0.0401,0.037,0.0375,176988144,USD
2018-12-05,0.0375,0.0376,0.0342,0.0343,259542720,USD
2018-12-06,0.0343,0.0356,0.0306,0.0307,229653888,USD
2018-12-07,0.0307,0.031,0.0272,0.0297,301981152,USD
2018-12-08,0.0297,0.032,0.0283,0.0302,189027424,USD
2018-12-09,0.0302,0.0324,0.0297,0.0311,164894208,USD
2018-12-10,0.0311,0.0318,0.0292,0.0298,131368336,USD
2018-12-11,0.0298,0.0301,0.0286,0.0295,100954000,USD
2018-12-12,0.0292,0.0309,0.029,0.0303,98620672,USD
2018-12-13,0.0303,0.0306,0.0288,0.0291,102033808,USD
2018-12-14,0.0291,0.0295,0.0277,0.0283,87507608,USD
2018-12-15,0.0283,0.0286,0.0277,0.0281,70972424,USD
2018-12-16,0.0281,0.0298,0.0281,0.029,99288704,USD
2018-12-17,0.029,0.0336,0.029,0.0325,223084960,USD
2018-12-18,0.0324,0.0345,0.0313,0.0342,242759168,USD
2018-12-19,0.0342,0.038,0.0337,0.0337,354588288,USD
2018-12-20,0.0337,0.0394,0.0333,0.0387,347699104,USD
2018-12-21,0.0387,0.0448,0.0379,0.0403,518808192,USD
2018-12-22,0.0403,0.0417,0.0382,0.0416,229508032,USD
2018-12-23,0.0416,0.0444,0.0411,0.0437,257814656,USD
2018-12-24,0.0437,0.0489,0.0437,0.045,368385312,USD
2018-12-25,0.045,0.0452,0.0383,0.0411,301788576,USD
2018-12-26,0.0411,0.0426,0.0381,0.0406,205245152,USD
2018-12-27,0.0406,0.0411,0.0355,0.0361,180337504,USD
2018-12-28,0.0361,0.0419,0.0356,0.0411,190113712,USD
2018-12-29,0.0411,0.0433,0.04,0.0403,248359776,USD
2018-12-30,0.0403,0.0431,0.0396,0.0426,211191376,USD
2018-12-31,0.0426,0.0427,0.0398,0.0405,156994112,USD
2019-01-01,0.0405,0.042,0.0397,0.042,117448912,USD
2019-01-02,0.042,0.045,0.0414,0.0443,173273216,USD
2019-01-03,0.0443,0.0446,0.0416,0.042,163657248,USD
2019-01-04,0.042,0.0436,0.0417,0.0431,110054000,USD
2019-01-05,0.0431,0.045,0.0424,0.044,180800896,USD
2019-01-06,0.044,0.0487,0.0438,0.0483,310301440,USD
2019-01-07,0.0483,0.05,0.0465,0.0475,290936160,USD
2019-01-08,0.0475,0.0493,0.0462,0.0478,217620304,USD
2019-01-09,0.0478,0.0521,0.0477,0.0514,288620640,USD
2019-01-10,0.0514,0.054,0.0414,0.0436,515469088,USD
2019-01-11,0.0436,0.0443,0.0417,0.0433,252616464,USD
2019-01-12,0.0433,0.0438,0.0421,0.0429,120064528,USD
2019-01-13,0.0429,0.0431,0.0389,0.0394,161025568,USD
2019-01-14,0.0394,0.0439,0.0394,0.0434,205485952,USD
2019-01-15,0.0434,0.0438,0.041,0.042,165759872,USD
2019-01-16,0.042,0.0446,0.0417,0.0441,203787696,USD
2019-01-17,0.0441,0.0457,0.0433,0.0447,249019776,USD
2019-01-18,0.0447,0.0447,0.0432,0.0437,100217984,USD
2019-01-19,0.0437,0.0459,0.0434,0.0451,113457304,USD
2019-01-20,0.0451,0.0455,0.0414,0.0428,155394896,USD
2019-01-21,0.0428,0.0433,0.0419,0.0425,92635808,USD
2019-01-22,0.0425,0.044,0.0411,0.0433,131480168,USD
2019-01-23,0.0433,0.0439,0.0421,0.0427,94261504,USD
2019-01-24,0.0427,0.0433,0.0422,0.0428,65088848,USD
2019-01-25,0.0428,0.043,0.0421,0.0424,44516592,USD
2019-01-26,0.0424,0.0433,0.0423,0.0424,60739732,USD
2019-01-27,0.0424,0.0425,0.0404,0.0409,102848736,USD
2019-01-28,0.0409,0.0412,0.0367,0.0385,197088928,USD
2019-01-29,0.0385,0.0394,0.0367,0.038,135673584,USD
2019-01-30,0.0379,0.0401,0.0374,0.0395,156202368,USD
2019-01-31,0.0395,0.0403,0.0378,0.0382,107129560,USD
2019-02-01,0.0382,0.0391,0.037,0.0386,82550408,USD
2019-02-02,0.0386,0.0394,0.038,0.0393,54374416,USD
2019-02-03,0.0393,0.0395,0.0377,0.0382,64601216,USD
2019-02-04,0.0382,0.0388,0.0378,0.038,50590288,USD
2019-02-05,0.038,0.0386,0.0376,0.038,56300036,USD
2019-02-06,0.038,0.0382,0.036,0.0367,108299328,USD
2019-02-07,0.0367,0.0373,0.0363,0.0364,55085664,USD
2019-02-08,0.0364,0.0421,0.0362,0.0407,186439776,USD
2019-02-09,0.0407,0.0422,0.0405,0.0412,125978888,USD
2019-02-10,0.0412,0.043,0.0399,0.0429,124909912,USD
2019-02-11,0.0429,0.043,0.0414,0.0417,104839960,USD
2019-02-12,0.0417,0.0421,0.0406,0.0417,90184920,USD
2019-02-13,0.0417,0.0424,0.0409,0.0411,61796976,USD
2019-02-14,0.0411,0.0414,0.04,0.0404,59798568,USD
2019-02-15,0.0404,0.0415,0.04,0.0406,55453368,USD
2019-02-16,0.0406,0.0414,0.0405,0.041,42270052,USD
2019-02-17,0.041,0.0422,0.0406,0.0416,70365744,USD
2019-02-18,0.0416,0.0467,0.0414,0.0456,258150368,USD
2019-02-19,0.0456,0.0482,0.0455,0.0459,282977344,USD
2019-02-20,0.0459,0.0477,0.0448,0.0474,171737312,USD
2019-02-21,0.0474,0.0481,0.0442,0.045,151690576,USD
2019-02-22,0.045,0.046,0.0447,0.0458,109333520,USD
2019-02-23,0.0458,0.049,0.0454,0.0485,179756944,USD
2019-02-24,0.0485,0.0504,0.0412,0.0416,355846080,USD
2019-02-25,0.0416,0.0443,0.0416,0.0435,165474880,USD
2019-02-26,0.0435,0.0436,0.0423,0.0429,104753832,USD
2019-02-27,0.0429,0.0434,0.0416,0.0429,100789840,USD
2019-02-28,0.0429,0.0437,0.0425,0.0429,79204928,USD
2019-03-01,0.0429,0.0438,0.0428,0.043,52662784,USD
2019-03-02,0.043,0.0434,0.042,0.0424,56536720,USD
2019-03-03,0.0424,0.0427,0.0417,0.0421,44493616,USD
2019-03-04,0.0421,0.0423,0.0391,0.0402,100690576,USD
2019-03-05,0.0402,0.0433,0.04,0.0429,124455056,USD
2019-03-06,0.0429,0.0432,0.0419,0.0425,77697144,USD
2019-03-07,0.0425,0.0433,0.0421,0.0427,91658800,USD
2019-03-08,0.0427,0.0437,0.0421,0.0424,114521352,USD
2019-03-09,0.0424,0.0471,0.0423,0.0468,243955440,USD
2019-03-10,0.0468,0.0469,0.0443,0.0456,153804192,USD
2019-03-11,0.0456,0.0484,0.0447,0.0473,244645248,USD
2019-03-12,0.0473,0.0481,0.0457,0.0472,171509136,USD
2019-03-13,0.0472,0.0484,0.0458,0.0462,130242592,USD
2019-03-14,0.0462,0.0481,0.0459,0.0476,127283960,USD
2019-03-15,0.0476,0.0506,0.0476,0.0498,211754416,USD
2019-03-16,0.0498,0.0519,0.049,0.0512,213872384,USD
2019-03-17,0.0512,0.0513,0.0495,0.0498,120869560,USD
2019-03-18,0.0498,0.0509,0.0491,0.0499,105376736,USD
2019-03-19,0.05,0.053,0.0492,0.052,160852176,USD
2019-03-20,0.052,0.0536,0.0508,0.0535,192695648,USD
2019-03-21,0.0535,0.0546,0.0497,0.0523,293877312,USD
2019-03-22,0.0523,0.0588,0.0519,0.0578,433112864,USD
2019-03-23,0.0578,0.0645,0.0567,0.0635,544318400,USD
2019-03-24,0.0635,0.0644,0.059,0.0615,422934656,USD
2019-03-25,0.0615,0.0615,0.0569,0.0586,321201120,USD
2019-03-26,0.0586,0.0619,0.0585,0.0617,273770528,USD
2019-03-27,0.0617,0.0678,0.0606,0.067,385607040,USD
2019-03-28,0.067,0.067,0.064,0.0655,198233712,USD
2019-03-29,0.0655,0.073,0.0654,0.0713,337849120,USD
2019-03-30,0.0713,0.0729,0.0686,0.0721,232841968,USD
2019-03-31,0.0721,0.0725,0.0696,0.07,126824008,USD
2019-04-01,0.0699,0.0726,0.069,0.0721,166177104,USD
2019-04-02,0.0721,0.0855,0.0706,0.0855,508224096,USD
2019-04-03,0.0855,0.0997,0.0833,0.0905,810567936,USD
2019-04-04,0.0905,0.0939,0.0825,0.0871,524448224,USD
2019-04-05,0.0871,0.092,0.0869,0.0904,240694576,USD
2019-04-06,0.0904,0.0936,0.0873,0.0899,193756000,USD
2019-04-07,0.0899,0.091,0.088,0.0899,160861968,USD
2019-04-08,0.0898,0.0915,0.0817,0.0861,292700000,USD
2019-04-09,0.0861,0.0861,0.0801,0.0829,236853120,USD
2019-04-10,0.0829,0.0915,0.0827,0.0894,245260096,USD
2019-04-11,0.0894,0.0902,0.0761,0.0828,349023648,USD
2019-04-12,0.0828,0.0847,0.0791,0.0825,188016336,USD
2019-04-13,0.0825,0.0847,0.082,0.0829,94511064,USD
2019-04-14,0.0829,0.0848,0.0806,0.0842,113357728,USD
2019-04-15,0.0842,0.0853,0.0804,0.0815,114284160,USD
2019-04-16,0.0815,0.083,0.0797,0.0828,87786384,USD
2019-04-17,0.0828,0.0839,0.0812,0.0824,87661984,USD
2019-04-18,0.0824,0.0834,0.0808,0.0813,116624264,USD
2019-04-19,0.0813,0.0813,0.0777,0.0789,171053040,USD
2019-04-20,0.0789,0.079,0.0747,0.0759,147254944,USD
2019-04-21,0.0759,0.0774,0.0708,0.0733,193337088,USD
2019-04-22,0.0733,0.0788,0.0714,0.0778,196250512,USD
2019-04-23,0.0778,0.0797,0.0734,0.0735,231438000,USD
2019-04-24,0.0735,0.0752,0.0678,0.0722,242991536,USD
2019-04-25,0.0722,0.0756,0.0682,0.0696,212387248,USD
2019-04-26,0.0696,0.0723,0.0671,0.0698,179138352,USD
2019-04-27,0.0698,0.0723,0.0688,0.0705,82061488,USD
2019-04-28,0.0705,0.0712,0.068,0.0688,60581576,USD
2019-04-29,0.0688,0.0692,0.0642,0.0648,101058848,USD
2019-04-30,0.0648,0.0702,0.0647,0.0701,85437448,USD
2019-05-01,0.0701,0.0705,0.0673,0.0689,74729672,USD
2019-05-02,0.0689,0.0697,0.068,0.0686,61957048,USD
2019-05-03,0.0686,0.0717,0.0677,0.0699,168781472,USD
2019-05-04,0.0699,0.0722,0.0657,0.0669,133780816,USD
2019-05-05,0.0669,0.0681,0.0658,0.066,59762108,USD
2019-05-06,0.066,0.0688,0.0635,0.0669,109157512,USD
2019-05-07,0.0669,0.0688,0.064,0.0642,101226560,USD
2019-05-08,0.0642,0.0654,0.062,0.0647,75604688,USD
2019-05-09,0.0647,0.0652,0.0604,0.0617,105982672,USD
2019-05-10,0.0617,0.065,0.0592,0.0632,178674944,USD
2019-05-11,0.0632,0.0785,0.063,0.0747,386883904,USD
2019-05-12,0.0741,0.077,0.0679,0.0702,321471840,USD
2019-05-13,0.0702,0.0763,0.0696,0.0726,243179776,USD
2019-05-14,0.0726,0.0845,0.0724,0.0845,396795104,USD
2019-05-15,0.0845,0.0952,0.0834,0.0939,279694080,USD
2019-05-16,0.0939,0.1006,0.0836,0.0879,509931648,USD
2019-05-17,0.088,0.0904,0.0758,0.0833,397021696,USD
2019-05-18,0.0828,0.0849,0.0785,0.0788,174817216,USD
2019-05-19,0.0788,0.0878,0.0784,0.0862,270199360,USD
2019-05-20,0.0862,0.0867,0.0792,0.0844,239516800,USD
2019-05-21,0.0845,0.086,0.082,0.0839,141368816,USD
2019-05-22,0.0839,0.0853,0.0771,0.0775,151450384,USD
2019-05-23,0.0775,0.0804,0.0739,0.0804,163706320,USD
2019-05-24,0.0804,0.083,0.078,0.0807,148196640,USD
2019-05-25,0.0807,0.0822,0.0792,0.0801,92290752,USD
2019-05-26,0.0801,0.0867,0.0782,0.0853,140384592,USD
2019-05-27,0.0853,0.0933,0.0845,0.0904,246560432,USD
2019-05-28,0.0904,0.0934,0.0871,0.0928,208911600,USD
2019-05-29,0.0928,0.0936,0.0856,0.0909,191701520,USD
2019-05-30,0.0909,0.0967,0.0805,0.0839,374939744,USD
2019-05-31,0.0839,0.0897,0.0814,0.0891,178434944,USD
2019-06-01,0.0891,0.0927,0.0855,0.0905,174912192,USD
2019-06-02,0.0905,0.0974,0.0903,0.0963,316397760,USD
2019-06-03,0.0963,0.0981,0.0871,0.0875,343222080,USD
2019-06-04,0.0875,0.0882,0.0795,0.0826,299381600,USD
2019-06-05,0.0826,0.0843,0.0797,0.0825,119106056,USD
2019-06-06,0.0825,0.0838,0.078,0.083,145766016,USD
2019-06-07,0.083,0.087,0.082,0.085,118168800,USD
2019-06-08,0.085,0.0861,0.0815,0.0836,68147776,USD
2019-06-09,0.0836,0.0838,0.0771,0.079,96677376,USD
2019-06-10,0.079,0.0851,0.0778,0.0851,124441024,USD
2019-06-11,0.0851,0.0891,0.0818,0.0874,181525600,USD
2019-06-12,0.0874,0.0962,0.0859,0.0961,337760480,USD
2019-06-13,0.0961,0.0965,0.0883,0.0895,255752832,USD
2019-06-14,0.0895,0.0909,0.0856,0.0901,203236288,USD
2019-06-15,0.0901,0.0925,0.0897,0.0913,124102696,USD
2019-06-16,0.0913,0.094,0.09,0.0919,188792544,USD
2019-06-17,0.0919,0.0936,0.0911,0.0932,101984496,USD
2019-06-18,0.0932,0.0935,0.0882,0.0891,112505152,USD
2019-06-19,0.0891,0.0916,0.0885,0.0896,66911792,USD
2019-06-20,0.0896,0.09,0.0852,0.0873,134380416,USD
2019-06-21,0.0873,0.0908,0.0873,0.0891,156781872,USD
2019-06-22,0.0891,0.0974,0.0882,0.0947,340955808,USD
2019-06-23,0.0947,0.1033,0.0945,0.097,421148352,USD
2019-06-24,0.097,0.0994,0.0942,0.0978,205686384,USD
2019-06-25,0.0978,0.0983,0.0937,0.0963,153952624,USD
2019-06-26,0.0965,0.1067,0.096,0.098,529257344,USD
2019-06-27,0.098,0.0992,0.084,0.0863,356100704,USD
2019-06-28,0.0863,0.0888,0.0851,0.0887,207643024,USD
2019-06-29,0.0887,0.0909,0.0845,0.09,157924176,USD
2019-06-30,0.09,0.0907,0.082,0.082,173504128,USD
2019-07-01,0.0822,0.086,0.0803,0.0836,144025536,USD
2019-07-02,0.0836,0.0842,0.0768,0.0805,1241832064,USD
2019-07-03,0.0805,0.0831,0.0792,0.0824,1045543936,USD
2019-07-04,0.0824,0.0824,0.0772,0.0775,989088064,USD
2019-07-05,0.0775,0.0781,0.0758,0.0764,843192832,USD
2019-07-06,0.0764,0.0805,0.0763,0.0775,967936960,USD
2019-07-07,0.0775,0.0799,0.0768,0.0797,820198848,USD
2019-07-08,0.0797,0.0818,0.0788,0.0802,808963328,USD
2019-07-09,0.0802,0.0806,0.0771,0.0779,869971008,USD
2019-07-10,0.0779,0.0783,0.0692,0.0718,851524096,USD
2019-07-11,0.0718,0.0718,0.0625,0.0652,1070959872,USD
2019-07-12,0.0652,0.0705,0.0634,0.0694,996386816,USD
2019-07-13,0.0694,0.0708,0.0645,0.0668,889441856,USD
2019-07-14,0.0668,0.0671,0.0589,0.0591,938820416,USD
2019-07-15,0.0591,0.0601,0.0546,0.059,1068194240,USD
2019-07-16,0.059,0.0607,0.0502,0.0518,988669120,USD
2019-07-17,0.0518,0.0577,0.05,0.0551,793272320,USD
2019-07-18,0.0551,0.0595,0.0532,0.0584,618013120,USD
2019-07-19,0.0584,0.0606,0.056,0.0596,442655648,USD
2019-07-20,0.0596,0.065,0.0593,0.0626,449800352,USD
2019-07-21,0.0626,0.064,0.0594,0.0611,352387552,USD
2019-07-22,0.0611,0.062,0.0582,0.0595,336812832,USD
2019-07-23,0.0595,0.0595,0.0553,0.0557,478495008,USD
2019-07-24,0.0557,0.059,0.054,0.0588,439730816,USD
2019-07-25,0.0588,0.0605,0.0581,0.0585,285813920,USD
2019-07-26,0.0585,0.0627,0.0569,0.0626,332079968,USD
2019-07-27,0.0626,0.0635,0.0572,0.0599,362399104,USD
2019-07-28,0.0599,0.0601,0.0569,0.0593,210537376,USD
2019-07-29,0.0593,0.0624,0.0582,0.0604,273837568,USD
2019-07-30,0.0604,0.0614,0.0588,0.0598,238446768,USD
2019-07-31,0.0598,0.061,0.0592,0.06,313606656,USD
2019-08-01,0.06,0.0602,0.0579,0.0586,266537200,USD
2019-08-02,0.0586,0.0588,0.0562,0.0574,312426592,USD
2019-08-03,0.0574,0.0582,0.0569,0.0577,208108512,USD
2019-08-04,0.0577,0.0583,0.056,0.0561,245646768,USD
2019-08-05,0.0561,0.0581,0.0561,0.0565,311199392,USD
2019-08-06,0.0565,0.0566,0.0531,0.0535,288715904,USD
2019-08-07,0.0535,0.0543,0.0514,0.0519,289097888,USD
2019-08-08,0.0519,0.0532,0.0505,0.0522,342964160,USD
2019-08-09,0.0522,0.0523,0.0474,0.0477,314926528,USD
2019-08-10,0.0477,0.0534,0.0477,0.052,417614528,USD
2019-08-11,0.052,0.0559,0.0518,0.055,397378976,USD
2019-08-12,0.055,0.055,0.0526,0.053,237930144,USD
2019-08-13,0.053,0.0532,0.05,0.0526,324832000,USD
2019-08-14,0.0526,0.0537,0.0467,0.0472,423009856,USD
2019-08-15,0.0472,0.0482,0.0456,0.0473,305397632,USD
2019-08-16,0.0473,0.0474,0.0446,0.0467,371146336,USD
2019-08-17,0.0467,0.048,0.0464,0.0474,302078624,USD
2019-08-18,0.0474,0.0512,0.047,0.0506,298101504,USD
2019-08-19,0.0506,0.0507,0.0495,0.05,173202880,USD
2019-08-20,0.05,0.0503,0.0486,0.0492,246947744,USD
2019-08-21,0.0492,0.0492,0.0461,0.0473,251863728,USD
2019-08-22,0.0473,0.0511,0.0468,0.0493,338797248,USD
2019-08-23,0.0493,0.0502,0.0489,0.0497,332553728,USD
2019-08-24,0.0497,0.0514,0.0481,0.0501,996807360,USD
2019-08-25,0.0501,0.0526,0.0485,0.0495,1183509632,USD
2019-08-26,0.0495,0.0508,0.0488,0.0496,964571776,USD
2019-08-27,0.0496,0.0499,0.0482,0.0499,247965808,USD
2019-08-28,0.0499,0.0503,0.0453,0.0459,566681856,USD
2019-08-29,0.0459,0.0459,0.0433,0.0445,424726976,USD
2019-08-30,0.0445,0.0458,0.0441,0.0447,514257600,USD
2019-08-31,0.0448,0.0454,0.0438,0.0448,368899584,USD
2019-09-01,0.0448,0.0452,0.0436,0.0444,183397920,USD
2019-09-02,0.0444,0.0462,0.0433,0.0453,286865408,USD
2019-09-03,0.0453,0.0474,0.0446,0.0467,339733856,USD
2019-09-04,0.0466,0.0467,0.045,0.0454,257333536,USD
2019-09-05,0.0454,0.0454,0.0438,0.0444,273319328,USD
2019-09-06,0.0444,0.0446,0.0436,0.0442,270756512,USD
2019-09-07,0.0442,0.0465,0.0437,0.046,215411936,USD
2019-09-08,0.046,0.0475,0.046,0.0465,268553440,USD
2019-09-09,0.0465,0.0472,0.0453,0.0468,335451968,USD
2019-09-10,0.0468,0.0481,0.0457,0.0465,274021472,USD
2019-09-11,0.0465,0.0469,0.0444,0.0449,295487232,USD
2019-09-12,0.0449,0.0462,0.0443,0.0454,219099184,USD
2019-09-13,0.0454,0.0458,0.0449,0.0457,181237104,USD
2019-09-14,0.0457,0.0471,0.0448,0.0464,297107840,USD
2019-09-15,0.0464,0.047,0.0461,0.0466,212265040,USD
2019-09-16,0.0466,0.0475,0.0457,0.047,249105168,USD
2019-09-17,0.047,0.0507,0.0469,0.0489,505251424,USD
2019-09-18,0.0489,0.0555,0.0489,0.0531,847495936,USD
2019-09-19,0.0531,0.0545,0.0495,0.0523,801625600,USD
2019-09-20,0.0523,0.0525,0.0503,0.0524,497151552,USD
2019-09-21,0.0524,0.0533,0.0512,0.0518,387238176,USD
2019-09-22,0.0518,0.0518,0.0477,0.0489,584698496,USD
2019-09-23,0.0489,0.0494,0.046,0.0462,504212992,USD
2019-09-24,0.0462,0.0465,0.0349,0.0372,1040384704,USD
2019-09-25,0.0372,0.0402,0.0359,0.0391,1020550080,USD
2019-09-26,0.0391,0.0401,0.035,0.0382,899920064,USD
2019-09-27,0.0382,0.0397,0.037,0.0391,589124736,USD
2019-09-28,0.0391,0.0395,0.038,0.0386,326494464,USD
2019-09-29,0.0386,0.0387,0.0361,0.0372,313462528,USD
2019-09-30,0.0372,0.0393,0.036,0.0389,394712320,USD
2019-10-01,0.0389,0.0399,0.0381,0.0383,282947584,USD
2019-10-02,0.0382,0.0394,0.0377,0.0392,221971088,USD
2019-10-03,0.0392,0.0396,0.0375,0.0382,273510400,USD
2019-10-04,0.0382,0.0402,0.0375,0.0393,317591072,USD
2019-10-05,0.0393,0.0397,0.0386,0.0397,246760224,USD
2019-10-06,0.0397,0.04,0.0381,0.0389,247916304,USD
2019-10-07,0.0389,0.0418,0.0382,0.0414,492982304,USD
2019-10-08,0.0414,0.0421,0.0403,0.0412,375154080,USD
2019-10-09,0.0412,0.0434,0.0408,0.0424,401891200,USD
2019-10-10,0.0424,0.0425,0.0406,0.0416,310914560,USD
2019-10-11,0.0416,0.0422,0.04,0.0401,348115808,USD
2019-10-12,0.0401,0.0409,0.04,0.0404,190004256,USD
2019-10-13,0.0404,0.0416,0.0403,0.0412,192662192,USD
2019-10-14,0.0412,0.042,0.0408,0.0417,240185712,USD
2019-10-15,0.0417,0.0419,0.0391,0.0396,261197904,USD
2019-10-16,0.0396,0.0398,0.0376,0.0384,246414400,USD
2019-10-17,0.0384,0.0394,0.0378,0.0393,198739296,USD
2019-10-18,0.0393,0.0395,0.0374,0.0379,222444064,USD
2019-10-19,0.0379,0.0395,0.0376,0.039,236649392,USD
2019-10-20,0.039,0.0395,0.0382,0.0395,179559360,USD
2019-10-21,0.0395,0.0395,0.0385,0.0391,194051744,USD
2019-10-22,0.0391,0.04,0.0386,0.0386,222171536,USD
2019-10-23,0.0386,0.0388,0.0354,0.0363,316694528,USD
2019-10-24,0.0363,0.0379,0.0359,0.0373,260373200,USD
2019-10-25,0.0373,0.0419,0.0372,0.0412,536168192,USD
2019-10-26,0.0412,0.0431,0.0394,0.0405,893910272,USD
2019-10-27,0.0405,0.0433,0.0395,0.0422,883657728,USD
2019-10-28,0.0422,0.0448,0.0419,0.0422,642417792,USD
2019-10-29,0.0422,0.0439,0.0421,0.0434,521435072,USD
2019-10-30,0.0434,0.0444,0.0411,0.0417,505889216,USD
2019-10-31,0.0417,0.0422,0.0401,0.0412,455571200,USD
2019-11-01,0.0413,0.0426,0.0409,0.0421,342691040,USD
2019-11-02,0.0421,0.0425,0.0417,0.0424,257227024,USD
2019-11-03,0.0424,0.0425,0.0413,0.0417,182082480,USD
2019-11-04,0.0417,0.0433,0.0414,0.0432,274965760,USD
2019-11-05,0.0432,0.0448,0.043,0.0441,384404800,USD
2019-11-06,0.0441,0.046,0.0436,0.0448,322193440,USD
2019-11-07,0.0448,0.0449,0.0425,0.0434,295294208,USD
2019-11-08,0.0434,0.0438,0.0412,0.0422,291875584,USD
2019-11-09,0.0422,0.0428,0.042,0.0424,134432880,USD
2019-11-10,0.0424,0.0441,0.0423,0.0438,251376976,USD
2019-11-11,0.0438,0.044,0.0423,0.0432,206414992,USD
2019-11-12,0.0432,0.0445,0.043,0.0437,302442560,USD
2019-11-13,0.0437,0.0439,0.0431,0.0433,164086720,USD
2019-11-14,0.0433,0.0434,0.042,0.0428,199310560,USD
2019-11-15,0.0428,0.0444,0.0418,0.0439,346754656,USD
2019-11-16,0.0439,0.0445,0.0432,0.0439,300382176,USD
2019-11-17,0.0439,0.0458,0.0431,0.045,324442496,USD
2019-11-18,0.045,0.0461,0.0429,0.0432,544274432,USD
2019-11-19,0.0432,0.0434,0.0411,0.0422,447027232,USD
2019-11-20,0.0422,0.0423,0.0403,0.0409,361208704,USD
2019-11-21,0.0409,0.0411,0.0373,0.0384,353349856,USD
2019-11-22,0.0384,0.0386,0.0342,0.037,646315392,USD
2019-11-23,0.037,0.0383,0.0365,0.0379,344915936,USD
2019-11-24,0.0379,0.0386,0.0349,0.035,451516704,USD
2019-11-25,0.035,0.0373,0.033,0.0359,643268928,USD
2019-11-26,0.0359,0.0371,0.0354,0.0367,353850144,USD
2019-11-27,0.0367,0.0398,0.0352,0.039,435821600,USD
2019-11-28,0.039,0.0398,0.0383,0.039,342324640,USD
2019-11-29,0.039,0.042,0.039,0.0413,619744896,USD
2019-11-30,0.0413,0.0421,0.0398,0.0404,411332960,USD
2019-12-01,0.0404,0.0404,0.0382,0.0395,363352608,USD
2019-12-02,0.0395,0.0396,0.0374,0.038,287189408,USD
2019-12-03,0.038,0.0387,0.0374,0.0377,230947232,USD
2019-12-04,0.0377,0.0386,0.0362,0.0371,390480960,USD
2019-12-05,0.0371,0.0381,0.0368,0.0376,268207568,USD
2019-12-06,0.0376,0.0383,0.0372,0.0383,212551040,USD
2019-12-07,0.0383,0.0391,0.038,0.0384,212587264,USD
2019-12-08,0.0384,0.0389,0.038,0.0387,166102480,USD
2019-12-09,0.0387,0.0388,0.037,0.0372,255142080,USD
2019-12-10,0.0372,0.0374,0.0361,0.0363,290582624,USD
2019-12-11,0.0363,0.0371,0.0361,0.0366,566245760,USD
2019-12-12,0.0366,0.0369,0.036,0.0365,402504736,USD
2019-12-13,0.0365,0.0374,0.0364,0.0372,287928288,USD
2019-12-14,0.0372,0.0373,0.0358,0.0362,312631744,USD
2019-12-15,0.0362,0.0366,0.0358,0.0365,188092144,USD
2019-12-16,0.0365,0.0365,0.0333,0.0341,312310112,USD
2019-12-17,0.0341,0.0341,0.0312,0.0317,500279904,USD
2019-12-18,0.0317,0.0346,0.0304,0.0343,549023552,USD
2019-12-19,0.0343,0.0347,0.0329,0.033,400605472,USD
2019-12-20,0.033,0.0339,0.0326,0.0339,257038352,USD
2019-12-21,0.0339,0.0339,0.0328,0.033,169623024,USD
2019-12-22,0.033,0.0345,0.033,0.0344,218145520,USD
2019-12-23,0.0344,0.0345,0.0329,0.0331,396353952,USD
2019-12-24,0.0331,0.0345,0.0328,0.0339,341096896,USD
2019-12-25,0.0339,0.034,0.0329,0.0334,229205312,USD
2019-12-26,0.0334,0.0349,0.0333,0.0342,328865632,USD
2019-12-27,0.0342,0.0344,0.0316,0.0329,510619584,USD
2019-12-28,0.0329,0.0342,0.0328,0.0337,258969216,USD
2019-12-29,0.0337,0.0346,0.0333,0.0341,262247584,USD
2019-12-30,0.0341,0.0344,0.0331,0.0334,226842928,USD
2019-12-31,0.0334,0.0338,0.0328,0.0328,283850016,USD
2020-01-01,0.0328,0.0338,0.0327,0.0335,250863136,USD
2020-01-02,0.0335,0.0335,0.0323,0.0327,216630368,USD
2020-01-03,0.0327,0.0344,0.0324,0.0341,341592672,USD
2020-01-04,0.0341,0.0345,0.0337,0.0344,358196224,USD
2020-01-05,0.0344,0.0353,0.0342,0.0346,216714080,USD
2020-01-06,0.0346,0.0373,0.0344,0.0373,343254816,USD
2020-01-07,0.0373,0.038,0.0364,0.037,544889344,USD
2020-01-08,0.037,0.0387,0.0358,0.0363,563226944,USD
2020-01-09,0.0363,0.0363,0.0355,0.0362,285346048,USD
2020-01-10,0.0362,0.0371,0.0347,0.0369,341987296,USD
2020-01-11,0.0369,0.0378,0.0365,0.0367,255786816,USD
2020-01-12,0.0367,0.0379,0.0366,0.0379,209267472,USD
2020-01-13,0.0379,0.0379,0.0367,0.0368,177956192,USD
2020-01-14,0.0368,0.0427,0.0368,0.0417,889672320,USD
2020-01-15,0.0417,0.0432,0.0401,0.0428,771218752,USD
2020-01-16,0.0428,0.0433,0.0402,0.0416,429248704,USD
2020-01-17,0.0416,0.0459,0.0412,0.045,661369728,USD
2020-01-18,0.045,0.0458,0.0432,0.0449,514297184,USD
2020-01-19,0.0449,0.046,0.0413,0.042,492601440,USD
2020-01-20,0.042,0.0443,0.042,0.0438,355516992,USD
2020-01-21,0.0438,0.0468,0.0435,0.0461,512337728,USD
2020-01-22,0.0461,0.0465,0.0453,0.0457,328193408,USD
2020-01-23,0.0457,0.0459,0.0421,0.0432,379507008,USD
2020-01-24,0.0432,0.0453,0.0414,0.045,412833696,USD
2020-01-25,0.045,0.0452,0.0429,0.0431,260971840,USD
2020-01-26,0.0431,0.0447,0.0429,0.0447,292976096,USD
2020-01-27,0.0447,0.049,0.0441,0.0479,545468736,USD
2020-01-28,0.0479,0.0546,0.0475,0.053,1323761024,USD
2020-01-29,0.0529,0.0576,0.0526,0.0534,1116357760,USD
2020-01-30,0.0534,0.0572,0.0523,0.0562,854494912,USD
2020-01-31,0.0561,0.0567,0.0522,0.0539,836731136,USD
2020-02-01,0.0539,0.0572,0.0532,0.0561,541105024,USD
2020-02-02,0.0561,0.0586,0.055,0.0557,930722112,USD
2020-02-03,0.0557,0.0578,0.0553,0.057,576936576,USD
2020-02-04,0.057,0.0578,0.056,0.056,533297888,USD
2020-02-05,0.056,0.0601,0.0556,0.0593,610710400,USD
2020-02-06,0.0593,0.0608,0.0581,0.0601,647461312,USD
2020-02-07,0.0601,0.0627,0.0595,0.0599,544762816,USD
2020-02-08,0.0599,0.0613,0.0571,0.06,462300160,USD
2020-02-09,0.06,0.0624,0.06,0.0619,430066592,USD
2020-02-10,0.0619,0.0621,0.0584,0.0603,493346496,USD
2020-02-11,0.0603,0.0635,0.0589,0.0634,447697120,USD
2020-02-12,0.0634,0.0703,0.0634,0.0682,790921920,USD
2020-02-13,0.0682,0.0722,0.0656,0.0687,967174720,USD
2020-02-14,0.0687,0.0712,0.0672,0.0707,639240576,USD
2020-02-15,0.0707,0.0713,0.0625,0.0643,723105536,USD
2020-02-16,0.0643,0.0671,0.0569,0.0619,840383296,USD
2020-02-17,0.0619,0.0626,0.0558,0.0602,814807040,USD
2020-02-18,0.0602,0.0637,0.0578,0.0627,720235392,USD
2020-02-19,0.0627,0.063,0.0569,0.0574,555026240,USD
2020-02-20,0.0574,0.0589,0.0553,0.0582,598578880,USD
2020-02-21,0.0582,0.06,0.0575,0.0586,409787776,USD
2020-02-22,0.0586,0.0591,0.057,0.0582,282134784,USD
2020-02-23,0.0582,0.062,0.0581,0.0616,362453856,USD
2020-02-24,0.0616,0.0618,0.0574,0.059,448735968,USD
2020-02-25,0.059,0.0591,0.0561,0.0562,425453248,USD
2020-02-26,0.0561,0.0566,0.0467,0.0492,974720448,USD
2020-02-27,0.0492,0.0521,0.0463,0.0498,659385024,USD
2020-02-28,0.0498,0.0513,0.0466,0.0489,559792256,USD
2020-02-29,0.0489,0.0499,0.0471,0.0471,373804704,USD
2020-03-01,0.0471,0.0483,0.0451,0.0457,423076608,USD
2020-03-02,0.0457,0.0498,0.0455,0.0492,394759392,USD
2020-03-03,0.0492,0.0494,0.0475,0.0487,357540192,USD
2020-03-04,0.0487,0.0503,0.048,0.049,390641536,USD
2020-03-05,0.049,0.0523,0.049,0.0509,417297152,USD
2020-03-06,0.0509,0.0517,0.05,0.0517,293271200,USD
2020-03-07,0.0517,0.0518,0.0482,0.0488,271379008,USD
2020-03-08,0.0488,0.0488,0.0424,0.0428,522110496,USD
2020-03-09,0.0428,0.0439,0.039,0.0416,723824256,USD
2020-03-10,0.0416,0.043,0.0404,0.0414,599100096,USD
2020-03-11,0.0414,0.0418,0.0374,0.0397,604496832,USD
2020-03-12,0.0397,0.0398,0.0223,0.0232,2199452160,USD
2020-03-13,0.0232,0.0293,0.0178,0.0284,2570851584,USD
2020-03-14,0.0284,0.0289,0.0254,0.0258,707872640,USD
2020-03-15,0.0258,0.0289,0.0255,0.027,620439488,USD
2020-03-16,0.027,0.027,0.0217,0.0242,1164169088,USD
2020-03-17,0.0242,0.0265,0.0239,0.0258,686534912,USD
2020-03-18,0.0258,0.0265,0.0244,0.0261,531440000,USD
2020-03-19,0.0261,0.0319,0.0258,0.0303,852990784,USD
2020-03-20,0.0303,0.0338,0.0268,0.0295,1131070464,USD
2020-03-21,0.0295,0.0306,0.028,0.0294,651880896,USD
2020-03-22,0.0294,0.0304,0.0269,0.027,571389248,USD
2020-03-23,0.027,0.0298,0.0266,0.0293,606338944,USD
2020-03-24,0.0293,0.0304,0.0288,0.0302,495080128,USD
2020-03-25,0.0302,0.0304,0.0288,0.0295,450636736,USD
2020-03-26,0.0295,0.0309,0.0292,0.0308,394154784,USD
2020-03-27,0.0308,0.0314,0.0285,0.0288,465021728,USD
2020-03-28,0.0288,0.03,0.0278,0.0297,511496800,USD
2020-03-29,0.0297,0.03,0.0281,0.0281,357142752,USD
2020-03-30,0.0281,0.0303,0.028,0.0297,397028224,USD
2020-03-31,0.0297,0.0306,0.0295,0.0305,307353216,USD
2020-04-01,0.0305,0.0309,0.0294,0.0309,409238240,USD
2020-04-02,0.0309,0.0335,0.0308,0.0319,534584864,USD
2020-04-03,0.0319,0.0327,0.0316,0.0323,371030112,USD
2020-04-04,0.0323,0.0326,0.0318,0.0325,320801344,USD
2020-04-05,0.0325,0.0325,0.0316,0.0319,209563504,USD
2020-04-06,0.0319,0.036,0.0319,0.036,557453824,USD
2020-04-07,0.036,0.0369,0.0346,0.0353,603006720,USD
2020-04-08,0.0353,0.0368,0.0353,0.0364,436344320,USD
2020-04-09,0.0364,0.0366,0.0353,0.0361,306329728,USD
2020-04-10,0.0361,0.0362,0.0322,0.0332,491593056,USD
2020-04-11,0.0332,0.0341,0.0327,0.0334,310113152,USD
2020-04-12,0.0335,0.0349,0.0329,0.0335,270196928,USD
2020-04-13,0.0335,0.0335,0.0319,0.0331,372885824,USD
2020-04-14,0.0331,0.0337,0.0327,0.0331,245235168,USD
2020-04-15,0.0331,0.0337,0.0318,0.0319,228566848,USD
2020-04-16,0.0319,0.035,0.0309,0.0345,506503552,USD
2020-04-17,0.0345,0.0349,0.0341,0.0343,256348336,USD
2020-04-18,0.0343,0.037,0.0343,0.0365,312671488,USD
2020-04-19,0.0365,0.0367,0.0351,0.0355,349278240,USD
2020-04-20,0.0355,0.0366,0.0339,0.0339,427111616,USD
2020-04-21,0.0339,0.035,0.0338,0.0345,299918432,USD
2020-04-22,0.0345,0.0367,0.0344,0.0366,256426768,USD
2020-04-23,0.0366,0.0425,0.0365,0.0408,857992512,USD
2020-04-24,0.0408,0.0439,0.0408,0.0417,845264640,USD
2020-04-25,0.0417,0.0436,0.0411,0.0422,468582080,USD
2020-04-26,0.0422,0.0461,0.0419,0.0459,671407232,USD
2020-04-27,0.0459,0.0476,0.0443,0.0465,756599808,USD
2020-04-28,0.0465,0.048,0.046,0.0468,567450432,USD
2020-04-29,0.0468,0.052,0.0468,0.0514,839191296,USD
2020-04-30,0.0514,0.0543,0.0471,0.0476,1218880640,USD
2020-05-01,0.0476,0.0518,0.0475,0.0509,630032512,USD
2020-05-02,0.0509,0.0514,0.0495,0.0509,411825024,USD
2020-05-03,0.0509,0.0517,0.0477,0.049,496986688,USD
2020-05-04,0.049,0.0501,0.0461,0.0494,748257280,USD
2020-05-05,0.0494,0.0505,0.0487,0.0495,453114112,USD
2020-05-06,0.0495,0.0511,0.0487,0.0489,426749088,USD
2020-05-07,0.0489,0.0515,0.0484,0.0512,491769472,USD
2020-05-08,0.0512,0.0537,0.0509,0.052,606895936,USD
2020-05-09,0.052,0.053,0.0514,0.0515,457374208,USD
2020-05-10,0.0515,0.0516,0.0427,0.0476,1155781248,USD
2020-05-11,0.0476,0.05,0.045,0.048,1021913088,USD
2020-05-12,0.0479,0.051,0.0477,0.0504,654242880,USD
2020-05-13,0.0504,0.0522,0.0496,0.0515,498246112,USD
2020-05-14,0.0515,0.052,0.0504,0.051,470377600,USD
2020-05-15,0.051,0.0519,0.0498,0.0503,441861376,USD
2020-05-16,0.0503,0.0514,0.0499,0.051,337384800,USD
2020-05-17,0.051,0.0522,0.0509,0.0513,259507712,USD
2020-05-18,0.0513,0.055,0.0511,0.0543,591412800,USD
2020-05-19,0.0543,0.057,0.0526,0.0568,520696288,USD
2020-05-20,0.0568,0.0576,0.0541,0.0569,539806848,USD
2020-05-21,0.0569,0.0576,0.0504,0.0521,710782976,USD
2020-05-22,0.0521,0.057,0.0513,0.0557,612154304,USD
2020-05-23,0.0557,0.0565,0.0542,0.0549,358307552,USD
2020-05-24,0.0549,0.0561,0.0514,0.0514,410626784,USD
2020-05-25,0.0514,0.0543,0.0511,0.0539,485429056,USD
2020-05-26,0.0539,0.0541,0.052,0.0535,390242624,USD
2020-05-27,0.0535,0.0559,0.053,0.0551,451110080,USD
2020-05-28,0.0551,0.0674,0.0549,0.065,1056236736,USD
2020-05-29,0.065,0.0665,0.0626,0.0647,1018995648,USD
2020-05-30,0.0647,0.0774,0.0637,0.0769,1715346944,USD
2020-05-31,0.0769,0.0863,0.0724,0.0742,2733129984,USD
2020-06-01,0.0742,0.0829,0.0737,0.0809,2068823040,USD
2020-06-02,0.0809,0.0824,0.0717,0.0788,1696411648,USD
2020-06-03,0.0788,0.0857,0.0773,0.0855,1634628736,USD
2020-06-04,0.0855,0.0902,0.084,0.0888,1878573312,USD
2020-06-05,0.0888,0.0891,0.084,0.0852,1046993088,USD
2020-06-06,0.0852,0.0872,0.0849,0.0862,538991552,USD
2020-06-07,0.0862,0.0886,0.0828,0.0865,848380544,USD
2020-06-08,0.0865,0.0869,0.0846,0.0864,433674336,USD
2020-06-09,0.0864,0.0867,0.0829,0.0829,417683392,USD
2020-06-10,0.0829,0.0839,0.0795,0.0836,845297408,USD
2020-06-11,0.0836,0.085,0.0742,0.0753,986229632,USD
2020-06-12,0.0753,0.0808,0.075,0.0795,674431360,USD
2020-06-13,0.0795,0.0796,0.0773,0.079,399503424,USD
2020-06-14,0.079,0.0791,0.0758,0.0764,271367840,USD
2020-06-15,0.0764,0.0798,0.0695,0.0782,1110598912,USD
2020-06-16,0.0782,0.0796,0.0768,0.0792,645472192,USD
2020-06-17,0.0792,0.0837,0.0774,0.0834,857712640,USD
2020-06-18,0.0835,0.0845,0.0801,0.0818,650928512,USD
2020-06-19,0.0818,0.0819,0.0787,0.0799,551930752,USD
2020-06-20,0.0799,0.0802,0.0772,0.0795,371975488,USD
2020-06-21,0.0795,0.0809,0.0782,0.0784,328804224,USD
2020-06-22,0.0784,0.0839,0.0783,0.0836,461597856,USD
2020-06-23,0.0836,0.0844,0.0816,0.0828,388384832,USD
2020-06-24,0.0828,0.0871,0.0801,0.0825,874125440,USD
2020-06-25,0.0825,0.0835,0.0788,0.0817,559698368,USD
2020-06-26,0.0817,0.0818,0.0797,0.0806,370195072,USD
2020-06-27,0.0806,0.081,0.0749,0.0774,459369984,USD
2020-06-28,0.0774,0.0811,0.0763,0.0803,487630048,USD
2020-06-29,0.0803,0.0844,0.0803,0.0839,655432576,USD
2020-06-30,0.0839,0.0847,0.0819,0.083,455051968,USD
2020-07-01,0.083,0.0969,0.0825,0.0969,1111067136,USD
2020-07-02,0.0969,0.0969,0.088,0.0929,1399835520,USD
2020-07-03,0.0929,0.1019,0.0923,0.0966,1378705152,USD
2020-07-04,0.0966,0.1011,0.096,0.1,962941696,USD
2020-07-05,0.1,0.1001,0.0943,0.0983,828315648,USD
2020-07-06,0.0983,0.1064,0.0973,0.1051,971559040,USD
2020-07-07,0.1051,0.1189,0.103,0.1177,1491173120,USD
2020-07-08,0.1177,0.1382,0.115,0.1299,2919079168,USD
2020-07-09,0.1299,0.1299,0.1177,0.124,1748054528,USD
2020-07-10,0.124,0.1242,0.1105,0.1184,1465202816,USD
2020-07-11,0.1184,0.127,0.118,0.1252,972214080,USD
2020-07-12,0.1252,0.1284,0.1206,0.1269,887709120,USD
2020-07-13,0.1269,0.1357,0.1222,0.1244,1414199552,USD
2020-07-14,0.1244,0.1348,0.1212,0.1324,1158925952,USD
2020-07-15,0.1324,0.1327,0.1275,0.1306,748534080,USD
2020-07-16,0.1306,0.133,0.1187,0.126,1124849792,USD
2020-07-17,0.126,0.1265,0.1219,0.1222,579377216,USD
2020-07-18,0.1222,0.1247,0.1183,0.1227,553939520,USD
2020-07-19,0.1227,0.1247,0.1213,0.1239,376546528,USD
2020-07-20,0.124,0.1241,0.1161,0.1178,438331200,USD
2020-07-21,0.1178,0.1245,0.1169,0.1231,512490048,USD
2020-07-22,0.1231,0.1245,0.1205,0.1238,352248800,USD
2020-07-23,0.1238,0.126,0.1237,0.1242,410784896,USD
2020-07-24,0.1242,0.1243,0.1208,0.122,353456544,USD
2020-07-25,0.122,0.1456,0.1219,0.1435,1372722432,USD
2020-07-26,0.1435,0.1542,0.1416,0.1482,1598593920,USD
2020-07-27,0.1482,0.1497,0.1304,0.1387,1721839488,USD
2020-07-28,0.1387,0.1507,0.1349,0.1488,1176219392,USD
2020-07-29,0.1488,0.1497,0.1386,0.1392,817304896,USD
2020-07-30,0.1392,0.1425,0.137,0.1405,498129952,USD
2020-07-31,0.1405,0.1411,0.1359,0.1388,416192864,USD
2020-08-01,0.1388,0.1466,0.1383,0.1442,674870336,USD
2020-08-02,0.1442,0.1482,0.1267,0.1337,902033088,USD
2020-08-03,0.1337,0.1391,0.1322,0.1372,424266048,USD
2020-08-04,0.1372,0.1479,0.1363,0.1433,677468864,USD
2020-08-05,0.1433,0.1452,0.1403,0.1422,460380352,USD
2020-08-06,0.1422,0.1457,0.14,0.1443,443600608,USD
2020-08-07,0.1443,0.147,0.1333,0.1388,545179008,USD
2020-08-08,0.1388,0.1475,0.1373,0.1468,497232448,USD
2020-08-09,0.1468,0.1522,0.1421,0.1452,680864960,USD
2020-08-10,0.1452,0.1465,0.1419,0.1439,538545408,USD
2020-08-11,0.1439,0.1444,0.1318,0.1368,577554944,USD
2020-08-12,0.1369,0.1378,0.1243,0.1367,688896896,USD
2020-08-13,0.1367,0.1419,0.1322,0.1394,629966528,USD
2020-08-14,0.1394,0.141,0.1375,0.1383,437031168,USD
2020-08-15,0.1383,0.1416,0.1365,0.1384,468829792,USD
2020-08-16,0.1384,0.1395,0.135,0.1388,373360384,USD
2020-08-17,0.1388,0.1447,0.1374,0.1405,652123136,USD
2020-08-18,0.1405,0.1439,0.1345,0.137,503007968,USD
2020-08-19,0.137,0.1382,0.1266,0.1296,632386304,USD
2020-08-20,0.1296,0.1344,0.1261,0.134,465459296,USD
2020-08-21,0.134,0.1342,0.1215,0.1229,568978112,USD
2020-08-22,0.1229,0.1262,0.1184,0.1253,459119936,USD
2020-08-23,0.1253,0.1259,0.1195,0.1214,365802752,USD
2020-08-24,0.1214,0.1269,0.1201,0.1236,403133184,USD
2020-08-25,0.1236,0.1239,0.1055,0.1124,868150784,USD
2020-08-26,0.1124,0.1181,0.1102,0.1144,601414016,USD
2020-08-27,0.1144,0.1156,0.1022,0.1072,734800000,USD
2020-08-28,0.1072,0.1113,0.1061,0.1093,498125504,USD
2020-08-29,0.1093,0.1178,0.1082,0.1163,430425216,USD
2020-08-30,0.1162,0.1187,0.1137,0.1175,438731712,USD
2020-08-31,0.1175,0.1266,0.1131,0.1225,805507136,USD
2020-09-01,0.1225,0.128,0.1191,0.1245,647008512,USD
2020-09-02,0.1245,0.1264,0.111,0.1149,692545280,USD
2020-09-03,0.1149,0.1169,0.0928,0.0948,982096384,USD
2020-09-04,0.0948,0.1039,0.0928,0.1017,1239125120,USD
2020-09-05,0.1017,0.1039,0.0862,0.09,989936320,USD
2020-09-06,0.09,0.0956,0.0856,0.0926,713365952,USD
2020-09-07,0.0926,0.0941,0.0863,0.0936,689521216,USD
2020-09-08,0.0936,0.0969,0.0885,0.091,725153856,USD
2020-09-09,0.091,0.0957,0.0893,0.0933,459462592,USD
2020-09-10,0.0933,0.0994,0.0933,0.097,579550272,USD
2020-09-11,0.097,0.0975,0.0931,0.0969,456902144,USD
2020-09-12,0.0969,0.0984,0.0945,0.0977,349312000,USD
2020-09-13,0.0977,0.0997,0.0926,0.095,452101664,USD
2020-09-14,0.095,0.098,0.0931,0.0966,552286144,USD
2020-09-15,0.0966,0.0979,0.0929,0.0931,549789248,USD
2020-09-16,0.0931,0.0933,0.0897,0.0914,637881344,USD
2020-09-17,0.0914,0.0946,0.0908,0.0941,539471296,USD
2020-09-18,0.0941,0.0941,0.0897,0.0911,234731104,USD
2020-09-19,0.091,0.0931,0.0905,0.0914,342091552,USD
2020-09-20,0.0914,0.0922,0.0876,0.0893,385326400,USD
2020-09-21,0.0893,0.0901,0.0775,0.0797,806981504,USD
2020-09-22,0.0797,0.0833,0.0793,0.0815,527845312,USD
2020-09-23,0.0815,0.0828,0.0756,0.0766,493209216,USD
2020-09-24,0.0766,0.0837,0.0756,0.0825,641675840,USD
2020-09-25,0.0825,0.0985,0.0824,0.0969,1174187776,USD
2020-09-26,0.0969,0.0997,0.0924,0.0955,678238272,USD
2020-09-27,0.0955,0.1024,0.0943,0.1013,716495232,USD
2020-09-28,0.1013,0.1066,0.1001,0.1004,788728896,USD
2020-09-29,0.1004,0.1035,0.0975,0.1011,627553536,USD
2020-09-30,0.1011,0.1016,0.0968,0.1013,519538272,USD
2020-10-01,0.1013,0.1045,0.0951,0.098,633976512,USD
2020-10-02,0.098,0.1002,0.0899,0.0928,794851840,USD
2020-10-03,0.0928,0.0952,0.0922,0.0933,373342816,USD
2020-10-04,0.0933,0.098,0.0921,0.0968,403636928,USD
2020-10-05,0.0968,0.0994,0.0959,0.0975,506972832,USD
2020-10-06,0.0975,0.0986,0.0915,0.0929,563637312,USD
2020-10-07,0.0929,0.0944,0.0895,0.0937,415837632,USD
2020-10-08,0.0937,0.0971,0.09,0.0962,522485600,USD
2020-10-09,0.0962,0.1025,0.0949,0.1013,610825856,USD
2020-10-10,0.1013,0.1111,0.1013,0.105,1009896640,USD
2020-10-11,0.105,0.109,0.1042,0.1065,636859968,USD
2020-10-12,0.1065,0.1134,0.1023,0.1095,817340800,USD
2020-10-13,0.1095,0.1142,0.1077,0.1093,864288320,USD
2020-10-14,0.1093,0.1123,0.1053,0.1071,675411072,USD
2020-10-15,0.1071,0.1076,0.1046,0.1067,449883808,USD
2020-10-16,0.1066,0.1073,0.1023,0.104,73153368,USD
2020-10-17,0.1041,0.1072,0.1032,0.106,347452480,USD
2020-10-18,0.1059,0.1076,0.1051,0.1073,253565760,USD
2020-10-19,0.1073,0.111,0.1061,0.1087,402602528,USD
2020-10-20,0.1086,0.1088,0.1009,0.1023,635025984,USD
2020-10-21,0.1023,0.1085,0.1014,0.106,582725120,USD
2020-10-22,0.1059,0.1127,0.1052,0.1108,517210496,USD
2020-10-23,0.1108,0.112,0.1054,0.1081,385504096,USD
2020-10-24,0.1081,0.1098,0.1073,0.108,328291296,USD
2020-10-25,0.108,0.1087,0.1061,0.1064,260648208,USD
2020-10-26,0.1064,0.1075,0.0991,0.1031,455161408,USD
2020-10-27,0.1031,0.1056,0.1019,0.1026,399485632,USD
2020-10-28,0.1026,0.1033,0.0954,0.0988,559719424,USD
2020-10-29,0.0987,0.1007,0.0949,0.0954,519796160,USD
2020-10-30,0.0954,0.0956,0.0897,0.0933,573500672,USD
2020-10-31,0.0933,0.0954,0.0921,0.093,402664960,USD
2020-11-01,0.093,0.0986,0.0926,0.0981,68029936,USD
2020-11-02,0.0981,0.1,0.0916,0.0923,479666496,USD
2020-11-03,0.0923,0.094,0.0882,0.0936,463604928,USD
2020-11-04,0.0936,0.0962,0.0917,0.0954,504109472,USD
2020-11-05,0.0954,0.098,0.0921,0.0975,545755776,USD
2020-11-06,0.0975,0.11,0.0971,0.109,756240832,USD
2020-11-07,0.1091,0.1137,0.0991,0.1013,1077643008,USD
2020-11-08,0.1013,0.1083,0.1,0.1066,503315264,USD
2020-11-09,0.1066,0.108,0.1014,0.1053,563631104,USD
2020-11-10,0.1053,0.1091,0.1038,0.106,485029952,USD
2020-11-11,0.106,0.1088,0.1055,0.106,424734880,USD
2020-11-12,0.106,0.1066,0.1026,0.1046,386556032,USD
2020-11-13,0.1046,0.108,0.1041,0.1063,424378816,USD
2020-11-14,0.1063,0.1072,0.1015,0.1041,545702144,USD
2020-11-15,0.1041,0.1053,0.0986,0.1006,380817472,USD
2020-11-16,0.1006,0.1049,0.0995,0.1039,342833920,USD
2020-11-17,0.1039,0.1122,0.1036,0.1095,662412544,USD
2020-11-18,0.1095,0.1115,0.1023,0.1065,692602368,USD
2020-11-19,0.1065,0.1081,0.1045,0.1059,449274688,USD
2020-11-20,0.1059,0.1189,0.1056,0.1183,720770944,USD
2020-11-21,0.1184,0.1346,0.1164,0.1335,1498405504,USD
2020-11-22,0.1335,0.1533,0.1201,0.1457,2688890880,USD
2020-11-23,0.1457,0.1589,0.1414,0.1545,2049190272,USD
2020-11-24,0.1693,0.1826,0.1519,0.167,2525358592,USD
2020-11-25,0.167,0.1753,0.1476,0.1552,1620147584,USD
2020-11-26,0.1552,0.1603,0.1207,0.1385,2258759424,USD
2020-11-27,0.1385,0.1452,0.1308,0.1415,1215355904,USD
2020-11-28,0.1415,0.172,0.1391,0.1649,1766502912,USD
2020-11-29,0.1649,0.171,0.1574,0.1665,1425146624,USD
2020-11-30,0.1665,0.1736,0.1601,0.1721,1463243520,USD
2020-12-01,0.1721,0.1743,0.1438,0.1555,1659266048,USD
2020-12-02,0.1557,0.1597,0.1509,0.1587,811575552,USD
2020-12-03,0.1587,0.1682,0.1557,0.1641,705560896,USD
2020-12-04,0.1641,0.1645,0.1464,0.1478,750336000,USD
2020-12-05,0.1478,0.1618,0.1462,0.1599,614127872,USD
2020-12-06,0.1599,0.1626,0.1532,0.1587,494177600,USD
2020-12-07,0.1587,0.1589,0.1515,0.154,413791904,USD
2020-12-08,0.154,0.1549,0.1383,0.1413,687627072,USD
2020-12-09,0.1413,0.1501,0.13,0.148,853855744,USD
2020-12-10,0.148,0.1486,0.1396,0.1417,489739040,USD
2020-12-11,0.1417,0.1428,0.1349,0.1392,505091488,USD
2020-12-12,0.1392,0.1472,0.1391,0.1443,411006240,USD
2020-12-13,0.1443,0.1566,0.143,0.154,525602784,USD
2020-12-14,0.1541,0.1584,0.1496,0.1583,363178752,USD
2020-12-15,0.1582,0.16,0.1529,0.1538,439636352,USD
2020-12-16,0.1538,0.1683,0.1492,0.1682,756989504,USD
2020-12-17,0.1682,0.176,0.1608,0.1634,1105469568,USD
2020-12-18,0.1634,0.1694,0.1587,0.165,705003584,USD
2020-12-19,0.165,0.1705,0.163,0.1643,570480896,USD
2020-12-20,0.1643,0.1689,0.1579,0.162,571961216,USD
2020-12-21,0.162,0.1661,0.1479,0.1527,700214528,USD
2020-12-22,0.1527,0.161,0.1491,0.1567,777261120,USD
2020-12-23,0.1566,0.1578,0.1264,0.1365,1199174272,USD
2020-12-24,0.1365,0.1545,0.1318,0.153,1088533120,USD
2020-12-25,0.153,0.1669,0.1503,0.1575,983161344,USD
2020-12-26,0.1575,0.1624,0.1492,0.1583,913686528,USD
2020-12-27,0.1583,0.1661,0.1496,0.1546,1181507584,USD
2020-12-28,0.1546,0.1801,0.153,0.1764,1292305792,USD
2020-12-29,0.1764,0.1966,0.1736,0.191,2106994048,USD
2020-12-30,0.191,0.1932,0.1753,0.184,1175510528,USD
2020-12-31,0.184,0.1862,0.1758,0.1814,731458496,USD
2021-01-01,0.1814,0.1846,0.1702,0.175,770703232,USD
2021-01-02,0.1751,0.1845,0.1686,0.1773,980362368,USD
2021-01-03,0.1773,0.2096,0.1729,0.2057,1385188992,USD
2021-01-04,0.2057,0.2396,0.1927,0.2258,2231658240,USD
2021-01-05,0.2258,0.2639,0.2072,0.2586,2209410560,USD
2021-01-06,0.2589,0.347,0.2541,0.3328,3052720896,USD
2021-01-07,0.3328,0.3535,0.28,0.298,2419423232,USD
2021-01-08,0.298,0.3213,0.2647,0.304,2227617024,USD
2021-01-09,0.3039,0.3382,0.2962,0.3302,1342825856,USD
2021-01-10,0.3302,0.3405,0.2801,0.3023,1427532928,USD
2021-01-11,0.3017,0.3035,0.2303,0.2759,2021910272,USD
2021-01-12,0.2759,0.3139,0.2641,0.2876,1870596992,USD
2021-01-13,0.2887,0.3154,0.2713,0.3127,1173860736,USD
2021-01-14,0.3127,0.3241,0.2986,0.311,0,USD
2021-01-15,0.3126,0.331,0.2788,0.3025,1360256768,USD
2021-01-16,0.3025,0.3667,0.3023,0.3512,1954048512,USD
2021-01-17,0.3505,0.3971,0.3416,0.3813,2247284224,USD
2021-01-18,0.3813,0.3967,0.3648,0.371,1241851392,USD
2021-01-19,0.371,0.3847,0.3628,0.3678,984201664,USD
2021-01-20,0.3678,0.3765,0.3311,0.3755,1113227520,USD
2021-01-21,0.3755,0.3786,0.3,0.3077,1290381440,USD
2021-01-22,0.3078,0.3596,0.281,0.3499,1532991104,USD
2021-01-23,0.3491,0.3575,0.3361,0.3456,897552128,USD
2021-01-24,0.3457,0.3688,0.3374,0.3532,802724032,USD
2021-01-25,0.3531,0.3639,0.3407,0.3431,752022656,USD
2021-01-26,0.3431,0.3506,0.3247,0.3435,627435584,USD
2021-01-27,0.3435,0.3438,0.3047,0.312,761351680,USD
2021-01-28,0.3119,0.3552,0.3046,0.3437,833042304,USD
2021-01-29,0.3438,0.3679,0.331,0.3476,1073531520,USD
2021-01-30,0.3474,0.3755,0.3373,0.3636,871809088,USD
2021-01-31,0.3636,0.3766,0.3382,0.345,662736768,USD
2021-02-01,0.3451,0.423,0.3334,0.4083,1317191296,USD
2021-02-02,0.4084,0.4552,0.3891,0.4258,2251743744,USD
2021-02-03,0.4258,0.4484,0.4154,0.4419,1095223680,USD
2021-02-04,0.4419,0.4496,0.4109,0.4395,736376128,USD
2021-02-05,0.4395,0.5594,0.4366,0.5393,1995226368,USD
2021-02-06,0.5387,0.6658,0.5209,0.6339,2078594432,USD
2021-02-07,0.6339,0.7067,0.5858,0.6626,2603463680,USD
2021-02-08,0.6626,0.7227,0.6339,0.6774,2064481920,USD
2021-02-09,0.6778,0.7119,0.666,0.7058,1118338176,USD
2021-02-10,0.7058,0.9496,0.7058,0.9404,2502701312,USD
2021-02-11,0.9404,0.9791,0.8668,0.9293,1766523392,USD
2021-02-12,0.9293,0.9474,0.868,0.9249,1081490944,USD
2021-02-13,0.9248,0.95,0.8251,0.9111,993009856,USD
2021-02-14,0.9124,0.9187,0.8082,0.8444,874607552,USD
2021-02-15,0.8444,0.9104,0.6891,0.8602,1438273024,USD
2021-02-16,0.8599,0.9051,0.8348,0.8704,929868928,USD
2021-02-17,0.8704,0.8971,0.8239,0.8917,750022400,USD
2021-02-18,0.8917,0.9566,0.8917,0.9138,904679424,USD
2021-02-19,0.9137,0.9454,0.8808,0.9259,839098880,USD
2021-02-20,0.926,1.1971,0.9142,1.1161,279636736,USD
2021-02-21,1.1156,1.1497,1.075,1.0998,1177122816,USD
2021-02-22,1.0998,1.1445,0.8389,1.0969,2026764160,USD
2021-02-23,1.0973,1.1405,0.8115,0.964,2650656000,USD
2021-02-24,0.9638,1.0751,0.8996,1.0481,1671674496,USD
2021-02-25,1.0486,1.1733,1.0128,1.0752,1564644736,USD
2021-02-26,1.0751,1.295,0.993,1.2416,2730446080,USD
2021-02-27,1.2416,1.4841,1.2305,1.3166,3066075136,USD
2021-02-28,1.3166,1.3585,1.1586,1.3077,2489400064,USD
2021-03-01,1.3118,1.3441,1.2331,1.2962,1605027328,USD
2021-03-02,1.2962,1.299,1.1823,1.2246,1095943040,USD
2021-03-03,1.2245,1.2655,1.209,1.2143,707017856,USD
2021-03-04,1.2144,1.2299,1.0684,1.1125,1100084736,USD
2021-03-05,1.1125,1.1957,1.0379,1.1582,1308972800,USD
2021-03-06,1.1583,1.1816,1.0867,1.129,757081024,USD
2021-03-07,1.1294,1.1444,1.107,1.1319,445102176,USD
2021-03-08,1.1314,1.178,1.1067,1.1185,625533504,USD
2021-03-09,1.1185,1.2184,1.1126,1.1972,898487296,USD
2021-03-10,1.1971,1.2069,1.118,1.1331,626546432,USD
2021-03-11,1.1334,1.139,1.1089,1.1242,477607424,USD
2021-03-12,1.1243,1.127,1.0298,1.0321,642176960,USD
2021-03-13,1.0321,1.188,0.9881,1.1013,977076928,USD
2021-03-14,1.1013,1.1019,1.0551,1.0551,553676992,USD
2021-03-15,1.0552,1.0703,1.0011,1.031,657330048,USD
2021-03-16,1.0306,1.2632,1.0018,1.2493,1770621184,USD
2021-03-17,1.2493,1.4283,1.2045,1.3774,1642703616,USD
2021-03-18,1.3776,1.4719,1.2247,1.2312,2039156736,USD
2021-03-19,1.2313,1.3419,1.1835,1.2959,1263689984,USD
2021-03-20,1.2958,1.3081,1.2003,1.2004,658166656,USD
2021-03-21,1.2005,1.2411,1.1608,1.1868,514594528,USD
2021-03-22,1.1862,1.2076,1.08,1.1035,611125632,USD
2021-03-23,1.103,1.1728,1.082,1.1163,562867584,USD
2021-03-24,1.1151,1.1635,1.0401,1.0702,499182560,USD
2021-03-25,1.0677,1.1472,1.0485,1.0964,699562304,USD
2021-03-26,1.0964,1.2856,1.0955,1.2145,1049837568,USD
2021-03-27,1.2145,1.237,1.1577,1.1768,474007680,USD
2021-03-28,1.1767,1.2191,1.1674,1.1895,394817856,USD
2021-03-29,1.1897,1.2292,1.1789,1.2028,401463360,USD
2021-03-30,1.2027,1.2344,1.19,1.2126,397502496,USD
2021-03-31,1.2128,1.2128,1.1565,1.1913,466518400,USD
2021-04-01,1.1915,1.2075,1.173,1.1828,367817248,USD
2021-04-02,1.1828,1.2438,1.1813,1.1903,431786816,USD
2021-04-03,1.1903,1.2406,1.16,1.1633,531511232,USD
2021-04-04,1.1633,1.1927,1.1534,1.1819,370272128,USD
2021-04-05,1.182,1.2251,1.1624,1.2117,484020480,USD
2021-04-06,1.2117,1.337,1.1917,1.2519,1110803072,USD
2021-04-07,1.2519,1.2891,1.1601,1.174,742130816,USD
2021-04-08,1.1724,1.2242,1.1705,1.2189,394522752,USD
2021-04-09,1.2187,1.2289,1.1926,1.2019,277939328,USD
2021-04-10,1.2021,1.2509,1.1949,1.2179,432905952,USD
2021-04-11,1.2179,1.2898,1.1999,1.2631,667688192,USD
2021-04-12,1.2633,1.3494,1.2633,1.3155,873743808,USD
2021-04-13,1.3154,1.4367,1.2831,1.4124,208728800,USD
2021-04-14,1.4124,1.5566,1.3547,1.4517,1614351872,USD
2021-04-15,1.4518,1.4919,1.4122,1.4787,794858112,USD
2021-04-16,1.4787,1.518,1.336,1.4109,901347712,USD
2021-04-17,1.4108,1.4568,1.3589,1.3709,603761600,USD
2021-04-18,1.3708,1.3813,1.0791,1.2769,1429825536,USD
2021-04-19,1.2769,1.3231,1.1724,1.1959,1017955968,USD
2021-04-20,1.1959,1.2811,1.13,1.2674,794191360,USD
2021-04-21,1.2674,1.2864,1.1989,1.2045,611423744,USD
2021-04-22,1.2044,1.2787,1.1181,1.1463,812883776,USD
2021-04-23,1.1462,1.166,0.9438,1.1568,1552072192,USD
2021-04-24,1.1567,1.1961,1.096,1.1021,813888640,USD
2021-04-25,1.1027,1.146,1.0204,1.0899,505257376,USD
2021-04-26,1.0901,1.2499,1.082,1.2345,713336320,USD
2021-04-27,1.2348,1.3326,1.2263,1.3079,579438336,USD
2021-04-28,1.3075,1.3485,1.235,1.3369,575491968,USD
2021-04-29,1.3369,1.4103,1.2681,1.307,817534336,USD
2021-04-30,1.3069,1.3699,1.2876,1.3521,459623264,USD
2021-05-01,1.3521,1.3676,1.3168,1.3518,317776288,USD
2021-05-02,1.3514,1.3546,1.2952,1.3266,325321856,USD
2021-05-03,1.3267,1.3799,1.3215,1.3622,390154784,USD
2021-05-04,1.2793,1.3074,1.2757,1.289,585180288,USD
2021-05-05,1.29,1.4931,1.29,1.478,783147904,USD
2021-05-06,1.4781,1.6996,1.4292,1.6478,1732386816,USD
2021-05-07,1.6477,1.745,1.5287,1.6532,1043881792,USD
2021-05-08,1.6533,1.6533,1.5623,1.6207,560142592,USD
2021-05-09,1.6207,1.8292,1.5765,1.7699,882671104,USD
2021-05-10,1.7714,1.8226,1.5258,1.6431,990406144,USD
2021-05-11,1.6427,1.7779,1.598,1.7635,736264896,USD
2021-05-12,1.7632,1.8192,1.5498,1.5677,805110976,USD
2021-05-13,1.5676,1.9697,1.5004,1.9295,2046139520,USD
2021-05-14,1.9291,2.0392,1.8123,2.0056,935477760,USD
2021-05-15,2.0058,2.3727,1.9712,2.172,1828808192,USD
2021-05-16,2.1721,2.4601,2.0167,2.3003,1531912192,USD
2021-05-17,2.3003,2.3259,1.9215,2.0314,1493863808,USD
2021-05-18,2.0313,2.1462,1.9729,2.0057,798418560,USD
2021-05-19,2.0055,2.0269,1.0231,1.4717,2941081344,USD
2021-05-20,1.4718,1.9394,1.3324,1.8033,1822634496,USD
2021-05-21,1.8033,1.8661,1.3247,1.5476,1508385024,USD
2021-05-22,1.5476,1.5975,1.3689,1.4631,1106316800,USD
2021-05-23,1.463,1.5371,1.0526,1.3152,1891214464,USD
2021-05-24,1.315,1.5957,1.2663,1.5473,1363626368,USD
2021-05-25,1.5475,1.6484,1.4375,1.5521,1054771072,USD
2021-05-26,1.552,1.828,1.552,1.778,1094887040,USD
2021-05-27,1.7781,1.7837,1.61,1.6452,699093824,USD
2021-05-28,1.6452,1.6753,1.4525,1.5122,1008710528,USD
2021-05-29,1.5123,1.5594,1.3354,1.4014,709797184,USD
2021-05-30,1.4015,1.6874,1.3517,1.5758,954144512,USD
2021-05-31,1.5757,1.749,1.528,1.74,694833216,USD
2021-06-01,1.7399,1.7779,1.657,1.7352,688486464,USD
2021-06-02,1.7352,1.8025,1.7192,1.7531,512662816,USD
2021-06-03,1.7531,1.8882,1.7171,1.8445,550629568,USD
2021-06-04,1.8443,1.8475,1.6119,1.709,777493504,USD
2021-06-05,1.7091,1.7818,1.6115,1.6581,473625568,USD
2021-06-06,1.658,1.705,1.6463,1.6755,275206272,USD
2021-06-07,1.6753,1.7409,1.5529,1.5644,65273204,USD
2021-06-08,1.5652,1.5946,1.4023,1.5851,779940736,USD
2021-06-09,1.5821,1.6329,1.484,1.6248,615749120,USD
2021-06-10,1.6249,1.6362,1.5085,1.5315,420705120,USD
2021-06-11,1.5315,1.5451,1.4193,1.436,442155104,USD
2021-06-12,1.4362,1.4923,1.3578,1.4772,566557440,USD
2021-06-13,1.4773,1.5791,1.4008,1.5586,594543168,USD
2021-06-14,1.5585,1.5934,1.5087,1.5758,495192128,USD
2021-06-15,1.5757,1.6104,1.5448,1.5565,382730976,USD
2021-06-16,1.5564,1.5747,1.4746,1.4833,385426624,USD
2021-06-17,1.4843,1.538,1.458,1.481,311279840,USD
2021-06-18,1.4809,1.4926,1.3756,1.4129,386359072,USD
2021-06-19,1.4127,1.4405,1.3838,1.3855,323496576,USD
2021-06-20,1.3856,1.4269,1.3066,1.4269,436503936,USD
2021-06-21,1.4269,1.4269,1.168,1.1757,841285184,USD
2021-06-22,1.1757,1.2625,1.001,1.152,462253184,USD
2021-06-23,1.152,1.3065,1.11,1.2506,963813248,USD
2021-06-24,1.2506,1.3973,1.2029,1.357,446000576,USD
2021-06-25,1.357,1.3958,1.2449,1.2547,943949376,USD
2021-06-26,1.2547,1.291,1.1985,1.2517,634246976,USD
2021-06-27,1.2517,1.3478,1.2413,1.3355,429632224,USD
2021-06-28,1.3363,1.3491,1.3044,1.3247,403522848,USD
2021-06-29,1.326,1.4196,1.3195,1.3712,466564896,USD
2021-06-30,1.3712,1.3984,1.2865,1.3838,472695808,USD
2021-07-01,1.3838,1.384,1.3037,1.333,356699360,USD
2021-07-02,1.333,1.3956,1.2861,1.3955,374909120,USD
2021-07-03,1.3955,1.4407,1.3588,1.4209,337745504,USD
2021-07-04,1.4209,1.4943,1.4207,1.4616,291729664,USD
2021-07-05,1.4613,1.4614,1.3784,1.4041,295330752,USD
2021-07-06,1.404,1.4566,1.3924,1.4163,231112208,USD
2021-07-07,1.4163,1.4401,1.4002,1.4038,214635056,USD
2021-07-08,1.4038,1.406,1.3294,1.3324,243364576,USD
2021-07-09,1.3324,1.3721,1.2903,1.3495,256510256,USD
2021-07-10,1.3496,1.3654,1.3183,1.3357,158185296,USD
2021-07-11,1.3353,1.3663,1.3232,1.3479,128621216,USD
2021-07-12,1.3479,1.3731,1.2922,1.3147,0,USD
2021-07-13,1.3147,1.3207,1.2507,1.2649,206077504,USD
2021-07-14,1.265,1.2887,1.1991,1.2631,263351136,USD
2021-07-15,1.2631,1.2886,1.206,1.225,235344832,USD
2021-07-16,1.2253,1.2435,1.166,1.1716,252661472,USD
2021-07-17,1.1716,1.1943,1.1507,1.1713,219877632,USD
2021-07-18,1.1713,1.2181,1.1682,1.1823,185350032,USD
2021-07-19,1.1823,1.1909,1.1167,1.1212,218335840,USD
2021-07-20,1.1223,1.1341,1.0211,1.0545,412269728,USD
2021-07-21,1.0545,1.2211,1.0372,1.1697,464721856,USD
2021-07-22,1.1697,1.2051,1.1503,1.1859,298364928,USD
2021-07-23,1.1856,1.2067,1.147,1.2054,91886688,USD
2021-07-24,1.2053,1.2237,1.1978,1.215,221735744,USD
2021-07-25,1.216,1.2361,1.1912,1.2281,181708880,USD
2021-07-26,1.2282,1.3974,1.2226,1.2552,596833536,USD
2021-07-27,1.2552,1.3151,1.215,1.2805,418432672,USD
2021-07-28,1.2804,1.3169,1.2586,1.2859,340479424,USD
2021-07-29,1.2859,1.2986,1.2588,1.2832,95202360,USD
2021-07-30,1.2837,1.3172,1.2491,1.3093,280493952,USD
2021-07-31,1.3104,1.3321,1.2896,1.3166,222179008,USD
2021-08-01,1.3178,1.3868,1.2996,1.3163,328160672,USD
2021-08-02,1.3143,1.3485,1.2961,1.3086,231975456,USD
2021-08-03,1.3086,1.3822,1.2626,1.3648,0,USD
2021-08-04,1.3648,1.393,1.3237,1.3759,325166816,USD
2021-08-05,1.3759,1.3972,1.339,1.3859,259898288,USD
2021-08-06,1.3859,1.4243,1.3622,1.4011,272049952,USD
2021-08-07,1.4011,1.4846,1.3958,1.4741,396609184,USD
2021-08-08,1.4735,1.4943,1.4077,1.4264,337150784,USD
2021-08-09,1.4262,1.4987,1.3947,1.4752,322954944,USD
2021-08-10,1.4754,1.6994,1.4576,1.6768,558565376,USD
2021-08-11,1.6776,1.8917,1.6703,1.7979,810289472,USD
2021-08-12,1.7976,1.8669,1.6808,1.8288,69987296,USD
2021-08-13,1.8288,2.1475,1.8233,2.137,994015232,USD
2021-08-14,2.137,2.251,2.089,2.1889,1048189888,USD
2021-08-15,2.1888,2.2493,2.0321,2.1679,718042496,USD
2021-08-16,2.1669,2.1963,2.0485,2.0729,509145536,USD
2021-08-17,2.0729,2.1401,1.9131,1.9255,437147360,USD
2021-08-18,1.9253,2.1611,1.8787,2.1097,590025216,USD
2021-08-19,2.1049,2.4522,2.0464,2.439,867199232,USD
2021-08-20,2.439,2.5794,2.3734,2.4553,810942976,USD
2021-08-21,2.4553,2.5288,2.387,2.436,349355872,USD
2021-08-22,2.436,2.7184,2.4337,2.7068,621804672,USD
2021-08-23,2.7058,2.9701,2.6898,2.9153,841883584,USD
2021-08-24,2.9165,2.9463,2.5985,2.7242,844237952,USD
2021-08-25,2.7243,2.7958,2.6124,2.7402,603579648,USD
2021-08-26,2.7402,2.7846,2.4701,2.5347,0,USD
2021-08-27,2.5295,2.9459,2.4992,2.9459,638380864,USD
2021-08-28,2.946,2.9492,2.776,2.8467,400798784,USD
2021-08-29,2.8464,2.9287,2.7251,2.8527,396339072,USD
2021-08-30,2.8527,2.8833,2.7226,2.7353,390903520,USD
2021-08-31,2.734,2.8789,2.7068,2.7693,392367936,USD
2021-09-01,2.7693,2.9012,2.7226,2.87,331405248,USD
2021-09-02,2.8695,3.0989,2.8368,2.961,555916416,USD
2021-09-03,2.961,3.0291,2.903,2.9652,359201184,USD
2021-09-04,2.9653,2.9653,2.807,2.8302,128511656,USD
2021-09-05,2.8302,2.9552,2.824,2.9112,283799872,USD
2021-09-06,2.9106,2.9257,2.7968,2.8323,324014016,USD
2021-09-07,2.8323,2.8747,2.0316,2.5047,1237054464,USD
2021-09-08,2.5047,2.5614,2.2011,2.4699,785856768,USD
2021-09-09,2.4699,2.6202,2.3969,2.5161,573387328,USD
2021-09-10,2.5164,2.5848,2.2786,2.3825,80919360,USD
2021-09-11,2.3834,2.7945,2.3699,2.6354,9737378,USD
2021-09-12,2.6352,2.7866,2.5061,2.5833,837407616,USD
2021-09-13,2.5829,2.5922,2.3112,2.4036,683873856,USD
2021-09-14,2.4029,2.4362,2.324,2.3934,416794784,USD
2021-09-15,2.395,2.5811,2.3643,2.5025,444866240,USD
2021-09-16,2.5026,2.5119,2.3821,2.4176,358129088,USD
2021-09-17,2.4171,2.4396,2.3227,2.3476,235043808,USD
2021-09-18,2.3476,2.4374,2.3126,2.3719,193894112,USD
2021-09-19,2.3719,2.3959,2.2612,2.2827,222623968,USD
2021-09-20,2.2827,2.2884,1.9827,2.0684,0,USD
2021-09-21,2.0684,2.2239,1.9132,1.983,795395008,USD
2021-09-22,1.9842,2.2659,1.9691,2.2591,564966016,USD
2021-09-23,2.2577,2.3442,2.1808,2.3277,355129920,USD
2021-09-24,2.3277,2.3436,2.07,2.278,656063552,USD
2021-09-25,2.278,2.4553,2.2395,2.2985,649944896,USD
2021-09-26,2.2985,2.2999,2.149,2.2084,452939680,USD
2021-09-27,2.209,2.2726,2.1293,2.1307,288511808,USD
2021-09-28,2.1312,2.1716,2.03,2.0367,289310464,USD
2021-09-29,2.037,2.1424,2.022,2.0658,272686848,USD
2021-09-30,2.0655,2.1349,2.0515,2.1164,250067840,USD
2021-10-01,2.1162,2.2735,2.0929,2.2572,328384608,USD
2021-10-02,2.2554,2.3207,2.1938,2.2488,274018624,USD
2021-10-03,2.2487,2.3081,2.222,2.2511,193748832,USD
2021-10-04,2.2511,2.2521,2.1512,2.19,192083200,USD
2021-10-05,2.1902,2.2569,2.1799,2.233,168241072,USD
2021-10-06,2.233,2.25,2.1125,2.2099,235785344,USD
2021-10-07,2.2101,2.3712,2.1521,2.2762,324636576,USD
2021-10-08,2.2765,2.3109,2.2198,2.2348,178965584,USD
2021-10-09,2.2363,2.2998,2.2208,2.2656,147258368,USD
2021-10-10,2.2679,2.2767,2.1658,2.1895,189653168,USD
2021-10-11,2.1892,2.249,2.1185,2.1715,242660640,USD
2021-10-12,2.1714,2.1714,2.0729,2.1169,290961152,USD
2021-10-13,2.1171,2.1983,2.082,2.1877,248176976,USD
2021-10-14,2.1877,2.2227,2.1573,2.1725,203223920,USD
2021-10-15,2.1725,2.2419,2.1392,2.2162,348046240,USD
2021-10-16,2.2172,2.2492,2.1704,2.1765,264833840,USD
2021-10-17,2.1765,2.1883,2.0952,2.1571,191455712,USD
2021-10-18,2.1573,2.1739,2.1074,2.1288,178757600,USD
2021-10-19,2.1288,2.1571,2.0928,2.1106,179346464,USD
2021-10-20,2.1099,2.2063,2.0919,2.188,224729776,USD
2021-10-21,2.1884,2.2969,2.1341,2.1368,445856704,USD
2021-10-22,2.1368,2.2094,2.1304,2.1549,277284288,USD
2021-10-23,2.1551,2.1744,2.1337,2.1646,158868064,USD
2021-10-24,2.1655,2.1679,2.093,2.1192,158545168,USD
2021-10-25,2.1192,2.1767,2.1145,2.1448,164121872,USD
2021-10-26,2.1448,2.2006,2.1244,2.1369,240927984,USD
2021-10-27,2.1369,2.155,1.8102,1.9107,643951424,USD
2021-10-28,1.9107,2.0578,1.9079,1.9856,546717440,USD
2021-10-29,1.9862,2.0461,1.981,2.0121,286996672,USD
2021-10-30,2.0133,2.0179,1.9271,1.9547,222193024,USD
2021-10-31,1.9547,2.025,1.9182,1.9649,244034352,USD
2021-11-01,1.9656,2.0178,1.9159,1.9488,270394112,USD
2021-11-02,1.9488,1.9949,1.9348,1.9694,211944864,USD
2021-11-03,1.9695,2.1429,1.9502,2.0622,505057120,USD
2021-11-04,2.0622,2.1026,1.9488,1.9836,369441440,USD
2021-11-05,1.9826,2.0168,1.961,1.9815,202755312,USD
2021-11-06,1.9814,2.0374,1.9437,2.0045,175898048,USD
2021-11-07,2.0048,2.034,1.975,2.0185,155523024,USD
2021-11-08,2.0197,2.1382,2.0094,2.1256,287422720,USD
2021-11-09,2.1256,2.3746,2.1058,2.2673,849353408,USD
2021-11-10,2.2675,2.3263,1.9428,2.1004,845192000,USD
2021-11-11,2.1004,2.1521,2.062,2.08,406238208,USD
2021-11-12,2.08,2.0984,1.9919,2.0452,300497120,USD
2021-11-13,2.0452,2.0792,2.0215,2.0505,190947248,USD
2021-11-14,2.0505,2.0693,2.0103,2.0398,111322616,USD
2021-11-15,2.0398,2.0928,2.0134,2.0178,152832144,USD
2021-11-16,2.018,2.018,1.7702,1.8757,453587904,USD
2021-11-17,1.8757,1.8912,1.801,1.8769,394497408,USD
2021-11-18,1.8763,1.9061,1.7038,1.7886,352087968,USD
2021-11-19,1.7886,1.8922,1.7551,1.8637,252656528,USD
2021-11-20,1.8631,1.955,1.8605,1.9205,209566448,USD
2021-11-21,1.9206,1.9239,1.8337,1.8389,159811520,USD
2021-11-22,1.8379,1.8379,1.758,1.7765,220710992,USD
2021-11-23,1.7762,1.8154,1.7448,1.7508,242489200,USD
2021-11-24,1.7508,1.752,1.5876,1.6664,485556480,USD
2021-11-25,1.6652,1.7475,1.6199,1.6749,402896896,USD
2021-11-26,1.6749,1.6844,1.498,1.5299,542993664,USD
2021-11-27,1.5328,1.5845,1.5317,1.5434,249903760,USD
2021-11-28,1.5435,1.5987,1.423,1.5938,358153824,USD
2021-11-29,1.5941,1.6348,1.5582,1.6015,290675488,USD
2021-11-30,1.601,1.6276,1.5461,1.5533,300280096,USD
2021-12-01,1.5532,1.6217,1.5331,1.5471,259954688,USD
2021-12-02,1.5477,1.7565,1.5186,1.72,586887808,USD
2021-12-03,1.7199,1.7281,1.5216,1.5553,466593600,USD
2021-12-04,1.5553,1.557,1.1972,1.4232,867366400,USD
2021-12-05,1.4228,1.4342,1.2865,1.3775,583692288,USD
2021-12-06,1.3775,1.4379,1.2556,1.4217,515137024,USD
2021-12-07,1.4212,1.4779,1.3656,1.3783,419789792,USD
2021-12-08,1.3783,1.4231,1.3399,1.3943,328747168,USD
2021-12-09,1.3944,1.408,1.2887,1.2895,316735040,USD
2021-12-10,1.2893,1.3322,1.2077,1.2094,348258752,USD
2021-12-11,1.2108,1.361,1.1922,1.3512,314403200,USD
2021-12-12,1.3515,1.4136,1.3209,1.3462,262462448,USD
2021-12-13,1.3461,1.3561,1.2007,1.2231,277796768,USD
2021-12-14,1.2231,1.2821,1.2007,1.2665,306884800,USD
2021-12-15,1.2665,1.3298,1.205,1.3116,280956928,USD
2021-12-16,1.3109,1.3295,1.2383,1.2399,224052848,USD
2021-12-17,1.2399,1.2579,1.1848,1.2183,259717584,USD
2021-12-18,1.2183,1.2666,1.201,1.2423,196295104,USD
2021-12-19,1.2423,1.31,1.2404,1.2445,206663680,USD
2021-12-20,1.2444,1.26,1.202,1.2361,238595824,USD
2021-12-21,1.2366,1.2889,1.2274,1.2805,198293984,USD
2021-12-22,1.2806,1.3667,1.2762,1.3271,246149504,USD
2021-12-23,1.3271,1.4898,1.3089,1.4731,327181536,USD
2021-12-24,1.4733,1.4899,1.3829,1.3913,193987760,USD
2021-12-25,1.3913,1.4598,1.3833,1.4529,138227744,USD
2021-12-26,1.4529,1.4669,1.4089,1.4544,160284176,USD
2021-12-27,1.4543,1.5912,1.451,1.5139,265202096,USD
2021-12-28,1.5142,1.5381,1.3792,1.3982,347257536,USD
2021-12-29,1.3998,1.4368,1.3247,1.3304,229596960,USD
2021-12-30,1.3307,1.3778,1.2992,1.3589,195113344,USD
2021-12-31,1.358,1.3819,1.2819,1.309,184180800,USD
